model_district,block_lgd_code,gp_lgd_code,gp_name,centroid_lat,centroid_lon,elevation_m
Alipurduar,2170,109796,Bandapani,26.78456,89.11489,171.0
Alipurduar,2170,109798,Birpara-Ii,26.76485,89.16461,198.0
Alipurduar,2170,109799,Hantapara,26.75314,89.23794,185.0
Alipurduar,2170,109800,Khayarbari,26.65664,89.23724,84.0
Alipurduar,2170,109801,Lankapara,26.78576,89.2128,264.0
Alipurduar,2170,109802,Madarihat,26.7113,89.26038,101.0
Alipurduar,2170,109803,Rangalibajna,26.70023,89.19485,92.0
Alipurduar,2170,109804,Shishujhumra,26.71687,89.10526,120.0
Alipurduar,2170,109805,Totopara Ballalguri,26.79023,89.28863,232.0
Alipurduar,2171,109774,Chuapara,26.76365,89.43249,183.0
Alipurduar,2171,109775,Dalsing Para,26.78292,89.35947,159.0
Alipurduar,2171,109776,Garopara,26.6592,89.46896,99.0
Alipurduar,2171,109777,Jaigaon-I,26.78798,89.39023,179.0
Alipurduar,2171,109779,Kalchini,26.69914,89.45308,124.0
Alipurduar,2171,109780,Latabari,26.61963,89.42724,77.0
Alipurduar,2171,109781,Malangi,26.72913,89.34993,126.0
Alipurduar,2171,109782,Mendabari,26.70083,89.33513,108.0
Alipurduar,2171,109783,Rajabhatkhawa,26.66853,89.54903,132.0
Alipurduar,2171,109784,Satali,26.68907,89.37302,116.0
Alipurduar,2172,109785,Chengamari,26.55499,89.83444,66.0
Alipurduar,2172,109786,Kamakhyaguri-I,26.47724,89.74936,54.0
Alipurduar,2172,109787,Kamakhyaguri-Ii,26.45489,89.72083,49.0
Alipurduar,2172,109788,Khoardanga-I,26.56045,89.78126,65.0
Alipurduar,2172,109789,Khoardanga-Ii,26.50615,89.77189,58.0
Alipurduar,2172,109790,Kumargram,26.61577,89.82635,84.0
Alipurduar,2172,109791,Newland Kumargram Sankosh,26.6721,89.82389,107.0
Alipurduar,2172,109792,Raidak,26.61607,89.74345,80.0
Alipurduar,2172,109793,Turturikhanda,26.69648,89.68606,176.0
Alipurduar,2172,109794,Valka Barabisa-I,26.48396,89.80838,55.0
Alipurduar,2172,109795,Valka Barabisa-Ii,26.46021,89.84714,49.0
Alipurduar,2173,109710,Banchukamari,26.52391,89.49418,50.0
Alipurduar,2173,109711,Chakowakheti,26.50315,89.39698,57.0
Alipurduar,2173,109712,Mathura,26.58869,89.36686,80.0
Alipurduar,2173,109713,Parorpar,26.4917,89.47218,51.0
Alipurduar,2173,109714,Patlakhawa,26.51472,89.34711,61.0
Alipurduar,2173,109715,Purba Kanthalbari,26.54138,89.2835,67.0
Alipurduar,2173,109716,Shalkumar-I,26.6001,89.30575,77.0
Alipurduar,2173,109717,Shalkumar-Ii,26.55933,89.31115,75.0
Alipurduar,2173,109718,Tapsikhata,26.53609,89.42516,61.0
Alipurduar,2173,109719,Vivekanda-I,26.50427,89.45494,51.0
Alipurduar,2173,109720,Vivekanda-Ii,26.52736,89.52869,57.0
Alipurduar,2174,109721,Bhatibari,26.44526,89.6335,47.0
Alipurduar,2174,109722,Chaporer Par-I,26.45434,89.55702,44.0
Alipurduar,2174,109723,Chaporer Par-Ii,26.46259,89.58031,44.0
Alipurduar,2174,109724,Kohinoor,26.56472,89.69997,62.0
Alipurduar,2174,109725,Mahakalguri,26.51005,89.68545,52.0
Alipurduar,2174,109726,Majherdabri,26.53184,89.58705,47.0
Alipurduar,2174,109727,Parokata,26.45459,89.68653,47.0
Alipurduar,2174,109728,Shamuktala,26.54807,89.6579,57.0
Alipurduar,2174,109729,Tatpara-I,26.50553,89.62793,54.0
Alipurduar,2174,109730,Tatpara-Ii,26.47462,89.60743,47.0
Alipurduar,2174,109731,Turturi,26.61205,89.69218,72.0
Alipurduar,2175,109748,Dalgaon,26.65646,89.1332,84.0
Alipurduar,2175,109749,Deogaon,26.60402,89.18122,69.0
Alipurduar,2175,109750,Dhanirampur-I,26.6711,89.07596,94.0
Alipurduar,2175,109751,Dhanirampur-Ii,26.62419,89.08498,76.0
Alipurduar,2175,109753,Falakata-Ii,26.51996,89.2427,63.0
Alipurduar,2175,109754,Guabarnagar,26.5572,89.12987,65.0
Alipurduar,2175,109755,Jateswar-I,26.63638,89.15499,73.0
Alipurduar,2175,109756,Jateswar-Ii,26.56945,89.14046,68.0
Alipurduar,2175,109757,Mairadanga,26.57245,89.2215,70.0
Alipurduar,2175,109759,Shalkumar,26.61988,89.2501,77.0
Bankura,2356,108430,Bamuntore,23.59953,86.94073,118.0
Bankura,2356,108431,Dhekia,23.55183,86.98129,119.0
Bankura,2356,108432,Gogra,23.44494,86.96755,137.0
Bankura,2356,108433,Kanuri,23.48115,86.9936,133.0
Bankura,2356,108434,Pabra,23.51404,87.03932,103.0
Bankura,2356,108435,Salma,23.59852,87.00697,112.0
Bankura,2356,108436,Saltora,23.50936,86.93525,161.0
Bankura,2356,108437,Tiluri,23.56297,86.91376,132.0
Bankura,2357,108382,Ardhagram,23.58405,87.05972,83.0
Bankura,2357,108383,Banjora,23.5246,87.214,74.0
Bankura,2357,108384,Kushtore,23.52896,87.08175,93.0
Bankura,2357,108385,Mejhia,23.56,87.10639,77.0
Bankura,2357,108386,Ramchandrapur,23.53349,87.1489,78.0
Bankura,2358,108326,Banashuria,23.46753,87.07038,110.0
Bankura,2358,108327,Barshal,23.49216,87.17446,88.0
Bankura,2358,108328,Bhaktabundh,23.36089,87.07158,126.0
Bankura,2358,108329,Gangajalghati,23.41004,87.09127,119.0
Bankura,2358,108330,Gobindadham,23.34455,87.11572,110.0
Bankura,2358,108331,Kapista,23.392,87.16126,102.0
Bankura,2358,108332,Lachhmanpur,23.42073,87.03281,131.0
Bankura,2358,108333,Latiaboni,23.45893,87.12536,114.0
Bankura,2358,108334,Nityanandapur,23.43888,87.18036,90.0
Bankura,2358,108335,Pirraboni,23.35191,87.15847,103.0
Bankura,2359,108313,Arrah,23.3692,86.87577,134.0
Bankura,2359,108314,Chhatna-I,23.32205,86.9875,120.0
Bankura,2359,108315,Chhatna-Ii,23.31508,86.95433,144.0
Bankura,2359,108316,Chinabari,23.32891,86.85787,144.0
Bankura,2359,108317,Dhaban,23.4618,86.87959,158.0
Bankura,2359,108318,Ghosergram,23.32066,86.91591,134.0
Bankura,2359,108319,Jamtora,23.30956,86.82004,144.0
Bankura,2359,108320,Jhunjka,23.37341,86.94193,116.0
Bankura,2359,108321,Jirrah,23.41895,86.896,158.0
Bankura,2359,108322,Metyala,23.26181,86.83243,118.0
Bankura,2359,108323,Saldiha,23.2733,86.8808,118.0
Bankura,2359,108324,Susunia,23.39061,86.96288,128.0
Bankura,2359,108325,Teghori,23.20845,86.87075,146.0
Bankura,2360,108341,Bheduasole,23.11445,86.89623,130.0
Bankura,2360,108342,Brahmandiha,23.16355,86.79513,161.0
Bankura,2360,108343,Brajarajpur,23.0786,86.94768,112.0
Bankura,2360,108344,Gourbazar,23.11272,86.97872,103.0
Bankura,2360,108345,Hatagram,23.22543,86.80522,149.0
Bankura,2360,108346,Indpur,23.15939,86.9339,132.0
Bankura,2360,108347,Raghunathpur,23.14641,86.85371,158.0
Bankura,2361,108289,Anchuri,23.25548,86.99663,112.0
Bankura,2361,108290,Andarthole,23.20143,86.97938,114.0
Bankura,2361,108291,Jagadalla-I,23.19976,87.06719,99.0
Bankura,2361,108292,Jagadalla-Ii,23.19906,87.02473,107.0
Bankura,2361,108293,Kalpathar,23.21715,86.92741,110.0
Bankura,2361,108294,Kenjakura,23.26779,86.94431,106.0
Bankura,2362,108295,Bikna,23.25138,87.10138,83.0
Bankura,2362,108296,Junbedia,23.27475,87.03729,119.0
Bankura,2362,108297,Kosthia,23.2406,87.19723,91.0
Bankura,2362,108298,Mankanali,23.33263,87.03138,97.0
Bankura,2362,108299,Narrah,23.26977,87.15429,104.0
Bankura,2362,108300,Purandarpur,23.29062,87.10074,99.0
Bankura,2362,108301,Sanbandha,23.22308,87.0946,76.0
Bankura,2363,108302,Barjora,23.44047,87.31071,62.0
Bankura,2363,108303,Beliatore,23.30886,87.20371,99.0
Bankura,2363,108304,Brindabanpur,23.31399,87.31388,69.0
Bankura,2363,108305,Chhandar,23.29,87.25075,92.0
Bankura,2363,108306,Ghutgoria,23.45442,87.26414,75.0
Bankura,2363,108307,Godardihi,23.36042,87.28819,84.0
Bankura,2363,108308,Hat-Asuria,23.39221,87.31023,74.0
Bankura,2363,108309,Khanrari,23.36077,87.24128,103.0
Bankura,2363,108310,Maliara,23.48204,87.25139,72.0
Bankura,2363,108311,Pakhanna,23.41184,87.35782,66.0
Bankura,2363,108312,Sahajora,23.40798,87.22864,102.0
Bankura,2364,108451,Dhansimla,23.25859,87.44463,68.0
Bankura,2364,108452,Dhulai,23.34664,87.41044,61.0
Bankura,2364,108453,Dihipara,23.39197,87.42065,62.0
Bankura,2364,108454,Hamirhati,23.31037,87.36709,63.0
Bankura,2364,108455,Kochdihi,23.27118,87.3689,89.0
Bankura,2364,108456,Manikbazar,23.22262,87.38514,75.0
Bankura,2364,108457,Panchal,23.24472,87.29438,77.0
Bankura,2364,108458,Pearbera,23.36212,87.35886,64.0
Bankura,2364,108459,Purba-Nabasan,23.30689,87.48833,53.0
Bankura,2364,108460,Radhamohanpur,23.34135,87.45665,53.0
Bankura,2365,108402,Balsi-I,23.16475,87.5341,50.0
Bankura,2365,108403,Balsi-Ii,23.13507,87.52598,42.0
Bankura,2365,108404,Belut-Rasulpur,23.22206,87.58997,42.0
Bankura,2365,108405,Birsingha,23.19844,87.47653,76.0
Bankura,2365,108406,Biur-Betur,23.18317,87.57409,47.0
Bankura,2365,108407,Hamirpur,23.24447,87.52819,45.0
Bankura,2365,108408,Jamkuri,23.14791,87.47907,47.0
Bankura,2365,108409,Kushadwip,23.16649,87.4308,64.0
Bankura,2365,108410,Narayanpur,23.2804,87.54835,46.0
Bankura,2365,108411,Patrasayer,23.21886,87.51369,57.0
Bankura,2366,108348,Akui-I,23.10304,87.71701,32.0
Bankura,2366,108349,Akui-Ii,23.07906,87.73926,33.0
Bankura,2366,108350,Amrul,23.10759,87.55915,39.0
Bankura,2366,108351,Dighalgram,23.04847,87.70996,32.0
Bankura,2366,108352,Indas-I,23.13879,87.62443,39.0
Bankura,2366,108353,Indas-Ii,23.15306,87.5962,42.0
Bankura,2366,108354,Karisunda,23.10016,87.60249,36.0
Bankura,2366,108355,Mongalpur,23.07073,87.65294,29.0
Bankura,2366,108356,Rol,23.19124,87.64093,45.0
Bankura,2366,108357,Sahaspur,23.11491,87.66782,41.0
Bankura,2367,108374,Desra-Koalpara,22.96042,87.62122,32.0
Bankura,2367,108375,Gopinathpur,22.95512,87.55413,42.0
Bankura,2367,108376,Kotulpur,23.01575,87.60366,34.0
Bankura,2367,108377,Lego,23.00056,87.54369,36.0
Bankura,2367,108378,Lowgram,23.01174,87.66056,28.0
Bankura,2367,108379,Madanmohanpur,23.0544,87.6077,30.0
Bankura,2367,108380,Mirzapur,23.03972,87.55959,43.0
Bankura,2367,108381,Sihar,22.92615,87.5944,33.0
Bankura,2368,108358,Gelia,23.05846,87.51228,46.0
Bankura,2368,108359,Hetia,23.09134,87.51125,40.0
Bankura,2368,108360,Jagannathpur,22.95807,87.44669,53.0
Bankura,2368,108361,Kuchiakole,23.01382,87.44944,67.0
Bankura,2368,108362,Moynapur,22.99856,87.4952,45.0
Bankura,2368,108363,Routhkhanda,23.08838,87.46016,47.0
Bankura,2368,108364,Salda,23.04528,87.47036,53.0
Bankura,2368,108365,Shyamnagar,23.07471,87.41098,65.0
Bankura,2368,108366,Uttarbarh,22.94435,87.49183,51.0
Bankura,2369,108470,Ajodhya,23.15493,87.29928,63.0
Bankura,2369,108471,Bankadaha,22.97459,87.34198,64.0
Bankura,2369,108472,Belsulia,23.0042,87.38956,78.0
Bankura,2369,108473,Bhara,23.1606,87.3744,57.0
Bankura,2369,108474,Dwarika-Gossainpur,23.10239,87.3181,56.0
Bankura,2369,108475,Layekbandh,23.20071,87.31372,67.0
Bankura,2369,108476,Morar,23.0271,87.31458,89.0
Bankura,2369,108477,Radhanagar,23.14138,87.32948,60.0
Bankura,2369,108478,Uliara,23.11242,87.36825,54.0
Bankura,2370,108387,Chingani,23.07855,87.16166,89.0
Bankura,2370,108388,Churamonipur,23.09757,87.12513,83.0
Bankura,2370,108389,Kalyani,23.14506,87.04212,126.0
Bankura,2370,108390,Kantabari,23.05611,87.25139,82.0
Bankura,2370,108391,Lodna,23.1715,87.12323,91.0
Bankura,2370,108392,Majdiha,23.17792,87.24033,61.0
Bankura,2370,108393,Mednipur,23.12407,87.17753,84.0
Bankura,2370,108394,Nakaijuri,23.03895,87.19454,100.0
Bankura,2370,108395,Nikunjapur,23.17897,87.18381,67.0
Bankura,2370,108396,Onda-I,23.13844,87.21105,74.0
Bankura,2370,108397,Onda-Ii,23.15102,87.24195,66.0
Bankura,2370,108398,Punisole,23.14303,87.1027,110.0
Bankura,2370,108399,Ramsagar,23.10603,87.23648,74.0
Bankura,2370,108400,Ratanpur,23.10395,87.06177,117.0
Bankura,2370,108401,Santore,23.20917,87.14133,72.0
Bankura,2371,108461,Amdangra,22.95341,87.28385,81.0
Bankura,2371,108462,Bibarda,23.01456,87.04908,91.0
Bankura,2371,108463,Fulmati,23.02896,87.11435,83.0
Bankura,2371,108464,Harmasra,23.00356,86.99318,88.0
Bankura,2371,108465,Khalgram,23.05745,87.008,95.0
Bankura,2371,108466,Panchmura,22.97329,87.16737,72.0
Bankura,2371,108467,Saltora,22.93817,87.23228,72.0
Bankura,2371,108468,Satmouli,22.9957,87.24004,77.0
Bankura,2371,108469,Taldangra,23.04454,87.07736,104.0
Bankura,2372,108444,Bikrampur,22.88059,87.0485,73.0
Bankura,2372,108445,Dubrajpur,22.87881,87.11539,71.0
Bankura,2372,108446,Lakshmisagar,22.91631,87.02367,79.0
Bankura,2372,108447,Machatora,22.95609,87.0498,99.0
Bankura,2372,108448,Mandalgram,22.92006,87.15571,66.0
Bankura,2372,108449,Parsola,22.9272,86.97266,100.0
Bankura,2372,108450,Simlapal,22.93522,87.10521,82.0
Bankura,2373,108367,Baidyanathpur,23.01746,86.93677,111.0
Bankura,2373,108368,Dahala,22.93736,86.90087,110.0
Bankura,2373,108369,Dhanara,22.97848,86.92225,125.0
Bankura,2373,108370,Gorabari,22.97832,86.78821,146.0
Bankura,2373,108371,Khatragram-I,22.97513,86.85938,142.0
Bankura,2373,108372,Khatragram-Ii,22.95738,86.83515,115.0
Bankura,2373,108373,Supur,23.01142,86.86876,155.0
Bankura,2374,108336,Baharamuri,23.06096,86.87672,127.0
Bankura,2374,108337,Gopalpur,23.12638,86.75779,161.0
Bankura,2374,108338,Hirbandh,23.03289,86.81631,163.0
Bankura,2374,108339,Molian,23.09583,86.81196,148.0
Bankura,2374,108340,Moshiara,23.05083,86.76816,154.0
Bankura,2375,108422,Ambikanagar,22.9284,86.75734,129.0
Bankura,2375,108423,Barikul,22.76434,86.77503,161.0
Bankura,2375,108424,Haludkanali,22.87831,86.85188,115.0
Bankura,2375,108425,Puddi,22.96506,86.73079,130.0
Bankura,2375,108426,Rajakata,22.89728,86.80629,150.0
Bankura,2375,108427,Ranibandh,22.8367,86.77216,180.0
Bankura,2375,108428,Routora,22.80952,86.68318,204.0
Bankura,2375,108429,Rudra,22.87997,86.73377,170.0
Bankura,2376,108412,Dhanara,22.71221,86.97314,72.0
Bankura,2376,108413,Dheko,22.66676,86.93376,75.0
Bankura,2376,108414,Dundar,22.87193,86.90314,112.0
Bankura,2376,108415,Fulkusma,22.71252,86.84065,119.0
Bankura,2376,108416,Mandalkuli,22.73308,86.9141,87.0
Bankura,2376,108417,Melera,22.69039,86.8976,97.0
Bankura,2376,108418,Motgoda,22.77243,86.92381,83.0
Bankura,2376,108419,Raipur,22.79651,86.9257,87.0
Bankura,2376,108420,Shyamsundarpur,22.76432,86.85518,126.0
Bankura,2376,108421,Sonagara,22.82062,86.85161,148.0
Bankura,2377,108438,Bikrampur,22.74316,87.04154,76.0
Bankura,2377,108439,Chiltore,22.82552,86.96079,88.0
Bankura,2377,108440,Gargaria,22.69198,87.00808,62.0
Bankura,2377,108441,Goalbari,22.82118,87.02215,110.0
Bankura,2377,108442,Neturpur,22.87174,86.9744,112.0
Bankura,2377,108443,Sarenga,22.77202,87.01822,92.0
Birbhum_Suri,2249,108833,Chatra,24.3889,87.83249,32.0
Birbhum_Suri,2249,108834,Dumurgram,24.4296,87.82337,32.0
Birbhum_Suri,2249,108835,Gorsha,24.53225,87.88199,30.0
Birbhum_Suri,2249,108836,Mahurapur,24.51028,87.83112,40.0
Birbhum_Suri,2249,108837,Murarai,24.43651,87.86156,32.0
Birbhum_Suri,2249,108838,Palsa,24.47117,87.86092,32.0
Birbhum_Suri,2249,108839,Rajgram,24.55304,87.83052,42.0
Birbhum_Suri,2250,108840,Amdole,24.51399,87.92162,31.0
Birbhum_Suri,2250,108841,Jajigram,24.46702,87.94315,34.0
Birbhum_Suri,2250,108842,Kushmore-I,24.37595,87.94457,36.0
Birbhum_Suri,2250,108843,Kushmore-Ii,24.35742,87.91149,35.0
Birbhum_Suri,2250,108844,Mitrapur,24.42176,87.95861,39.0
Birbhum_Suri,2250,108845,Nandigram,24.47662,87.89433,29.0
Birbhum_Suri,2250,108846,Paikar-I,24.43923,87.91631,34.0
Birbhum_Suri,2250,108847,Paikar-Ii,24.41151,87.90898,35.0
Birbhum_Suri,2250,108848,Rudranagar,24.37512,87.88022,39.0
Birbhum_Suri,2251,108849,Banior,24.34237,87.80029,51.0
Birbhum_Suri,2251,108850,Barla,24.24827,87.91944,27.0
Birbhum_Suri,2251,108851,Bautia,24.28674,87.797,39.0
Birbhum_Suri,2251,108852,Haridaspur,24.27415,87.7412,46.0
Birbhum_Suri,2251,108853,Kaitha-I,24.28752,87.9189,35.0
Birbhum_Suri,2251,108854,Kaitha-Ii,24.31657,87.91201,36.0
Birbhum_Suri,2251,108855,Kalitha,24.30911,87.87697,42.0
Birbhum_Suri,2251,108856,Kurumgram,24.25379,87.86324,31.0
Birbhum_Suri,2251,108857,Paikpara,24.33484,87.84447,44.0
Birbhum_Suri,2252,108858,Bara-I,24.31202,87.96763,34.0
Birbhum_Suri,2252,108859,Bara-Ii,24.33042,87.94088,34.0
Birbhum_Suri,2252,108860,Bhadrapur-I,24.25819,87.95169,34.0
Birbhum_Suri,2252,108861,Bhadrapur-Ii,24.27695,87.96031,29.0
Birbhum_Suri,2252,108862,Noapara,24.27769,88.00026,33.0
Birbhum_Suri,2252,108863,Shitalgram,24.22183,87.9761,27.0
Birbhum_Suri,2253,108880,Ayas,24.2326,87.7824,47.0
Birbhum_Suri,2253,108881,Barshal,24.14664,87.79298,30.0
Birbhum_Suri,2253,108882,Bonhat,24.16551,87.73026,52.0
Birbhum_Suri,2253,108883,Dakhalbati,24.18885,87.81527,39.0
Birbhum_Suri,2253,108884,Kasthogora,24.12238,87.70993,49.0
Birbhum_Suri,2253,108885,Kharun,24.12011,87.76722,31.0
Birbhum_Suri,2253,108886,Kusumba,24.20278,87.7296,46.0
Birbhum_Suri,2253,108887,Mashra,24.13834,87.63625,66.0
Birbhum_Suri,2253,108888,Narayanpur,24.23248,87.69329,58.0
Birbhum_Suri,2254,108889,Bishnupur,24.14453,87.88624,30.0
Birbhum_Suri,2254,108890,Budhigram,24.09676,87.8734,31.0
Birbhum_Suri,2254,108891,Dunigram,24.19945,87.92544,31.0
Birbhum_Suri,2254,108892,Hansan-I,24.22255,87.88385,36.0
Birbhum_Suri,2254,108893,Hansan-Ii,24.18851,87.87861,34.0
Birbhum_Suri,2254,108894,Kaluha,24.21323,87.84113,39.0
Birbhum_Suri,2254,108895,Margram-I,24.16134,87.85266,36.0
Birbhum_Suri,2254,108897,Sahapur,24.10206,87.82373,34.0
Birbhum_Suri,2255,108805,Bajitpur,24.02381,87.68244,45.0
Birbhum_Suri,2255,108806,Baraturigram,24.03815,87.8639,34.0
Birbhum_Suri,2255,108807,Dabuk,24.05661,87.827,38.0
Birbhum_Suri,2255,108808,Dakshingram,24.01598,87.80823,37.0
Birbhum_Suri,2255,108809,Jhikodda,24.00334,87.72287,48.0
Birbhum_Suri,2255,108810,Kanachi,24.06807,87.74982,45.0
Birbhum_Suri,2255,108811,Mollarpur-I,24.08856,87.72837,36.0
Birbhum_Suri,2255,108812,Mollarpur-Ii,24.07386,87.70418,51.0
Birbhum_Suri,2255,108813,Talowan,24.05706,87.77973,40.0
Birbhum_Suri,2256,108814,Daspalsa,23.96997,87.79879,39.0
Birbhum_Suri,2256,108815,Dheka,23.93351,87.83262,36.0
Birbhum_Suri,2256,108816,Kaleswar,23.97307,87.83879,35.0
Birbhum_Suri,2256,108817,Kundola,23.96029,87.72823,44.0
Birbhum_Suri,2256,108818,Mayureswar,23.99412,87.76362,45.0
Birbhum_Suri,2256,108819,Satpalsa,23.92291,87.7838,37.0
Birbhum_Suri,2256,108820,Ulkunda,23.89255,87.83014,37.0
Birbhum_Suri,2257,108821,Angargaria,23.96976,87.60465,55.0
Birbhum_Suri,2257,108822,Bharkata,24.09044,87.61479,68.0
Birbhum_Suri,2257,108823,Bhutura,23.96428,87.54654,61.0
Birbhum_Suri,2257,108824,Charicha,23.99288,87.49503,103.0
Birbhum_Suri,2257,108825,Deucha,24.02558,87.57479,77.0
Birbhum_Suri,2257,108826,Gonpur,24.07913,87.66439,60.0
Birbhum_Suri,2257,108827,Hinglow,24.06639,87.56616,62.0
Birbhum_Suri,2257,108828,Kapista,24.08061,87.51582,77.0
Birbhum_Suri,2257,108829,Mahamadbazar,23.99346,87.56621,64.0
Birbhum_Suri,2257,108830,Puranagram,24.01274,87.61816,52.0
Birbhum_Suri,2257,108831,Rampur,24.03238,87.53722,71.0
Birbhum_Suri,2257,108832,Sekedda,24.03764,87.64334,51.0
Birbhum_Suri,2258,108875,Bhabanipur,23.97609,87.36392,105.0
Birbhum_Suri,2258,108876,Chandrapur,23.93936,87.41252,104.0
Birbhum_Suri,2258,108877,Gangmuri-Joypur,24.00225,87.28807,133.0
Birbhum_Suri,2258,108878,Rajnagar,23.92428,87.31198,122.0
Birbhum_Suri,2258,108879,Tantipara,23.92014,87.35273,108.0
Birbhum_Suri,2259,108910,Alunda,23.9277,87.58174,61.0
Birbhum_Suri,2259,108911,Bhurkuna,23.83448,87.48962,67.0
Birbhum_Suri,2259,108912,Karidhya,23.90801,87.48534,82.0
Birbhum_Suri,2259,108913,Khatanga,23.95967,87.47067,71.0
Birbhum_Suri,2259,108914,Mallickpur,23.87638,87.50892,77.0
Birbhum_Suri,2259,108915,Nagari,23.93702,87.45455,76.0
Birbhum_Suri,2259,108916,Tilpara,23.93543,87.53638,62.0
Birbhum_Suri,2260,108917,Abinashpur,23.81931,87.57575,56.0
Birbhum_Suri,2260,108918,Banshanka,23.79178,87.54788,56.0
Birbhum_Suri,2260,108919,Domdama,23.8856,87.60644,59.0
Birbhum_Suri,2260,108920,Kendua,23.88203,87.56374,60.0
Birbhum_Suri,2260,108921,Koma,23.84164,87.53953,49.0
Birbhum_Suri,2260,108922,Purandarpur,23.85218,87.58757,63.0
Birbhum_Suri,2261,108898,Ahmedpur,23.80299,87.67969,34.0
Birbhum_Suri,2261,108899,Amarpur,23.81644,87.63141,44.0
Birbhum_Suri,2261,108900,Banagram,23.92303,87.72972,41.0
Birbhum_Suri,2261,108901,Bhromorkol,23.84918,87.70753,49.0
Birbhum_Suri,2261,108902,Deriapur,23.95718,87.63387,52.0
Birbhum_Suri,2261,108903,Fulur,23.89577,87.70806,50.0
Birbhum_Suri,2261,108904,Hatora,23.88121,87.65965,51.0
Birbhum_Suri,2261,108905,Horisara,23.97713,87.67025,49.0
Birbhum_Suri,2261,108906,Mathpalsa,23.92211,87.64063,56.0
Birbhum_Suri,2261,108907,Panrui,23.77012,87.61741,51.0
Birbhum_Suri,2261,108908,Sangra,23.84564,87.65271,52.0
Birbhum_Suri,2261,108909,Sreenidhipur,23.77199,87.71191,36.0
Birbhum_Suri,2262,108794,Bipratikuri,23.74342,87.78681,38.0
Birbhum_Suri,2262,108795,Chauhatta-Mahodari-I,23.82465,87.75339,49.0
Birbhum_Suri,2262,108796,Chauhatta-Mahodari-Ii,23.789,87.75611,36.0
Birbhum_Suri,2262,108797,Dwaraka,23.86396,87.83092,37.0
Birbhum_Suri,2262,108798,Hatia,23.87298,87.76788,42.0
Birbhum_Suri,2262,108799,Indus,23.7804,87.82644,33.0
Birbhum_Suri,2262,108800,Jamna,23.79362,87.9287,29.0
Birbhum_Suri,2262,108801,Kurunnahar,23.82664,87.86542,29.0
Birbhum_Suri,2262,108802,Labpur-I,23.81226,87.8162,30.0
Birbhum_Suri,2262,108803,Labpur-Ii,23.83902,87.79999,43.0
Birbhum_Suri,2262,108804,Thiba,23.81725,87.90643,21.0
Birbhum_Suri,2262,108870,Kirnahar-I,23.7927,87.88996,23.0
Birbhum_Suri,2263,108864,Barasaota,23.70211,87.81197,33.0
Birbhum_Suri,2263,108865,Chandidasnanoor,23.70455,87.87226,32.0
Birbhum_Suri,2263,108866,Charkalgram,23.64942,87.83052,34.0
Birbhum_Suri,2263,108867,Daskalgram-Kareya-I,23.7601,87.92092,32.0
Birbhum_Suri,2263,108868,Daskalgram-Kareya-Ii,23.73175,87.90003,27.0
Birbhum_Suri,2263,108869,Jalundi,23.6205,87.85834,32.0
Birbhum_Suri,2263,108871,Kirnahar-Ii,23.75373,87.84771,35.0
Birbhum_Suri,2263,108872,Nawanagar-Kadda,23.61407,87.92012,24.0
Birbhum_Suri,2263,108873,Thupsara,23.57226,87.87987,30.0
Birbhum_Suri,2263,108874,Uchkaran,23.664,87.8949,24.0
Birbhum_Suri,2264,108756,Bahiri-Panchshowa,23.62951,87.76199,41.0
Birbhum_Suri,2264,108757,Kankalitala,23.71152,87.73349,40.0
Birbhum_Suri,2264,108758,Kasba,23.73473,87.65189,51.0
Birbhum_Suri,2264,108759,Raipur-Supur,23.62781,87.66671,47.0
Birbhum_Suri,2264,108760,Ruppur,23.67272,87.62642,48.0
Birbhum_Suri,2264,108761,Sarpalehana-Albandha,23.73857,87.70776,45.0
Birbhum_Suri,2264,108762,Sattore,23.71794,87.61625,52.0
Birbhum_Suri,2264,108763,Sian-Muluk,23.66482,87.74289,50.0
Birbhum_Suri,2264,108764,Singhee,23.59564,87.80115,38.0
Birbhum_Suri,2265,108775,Batikar,23.7492,87.5234,57.0
Birbhum_Suri,2265,108776,Belati,23.68466,87.57571,52.0
Birbhum_Suri,2265,108777,Dharampur,23.69341,87.50497,61.0
Birbhum_Suri,2265,108778,Ghurisha,23.63942,87.49317,58.0
Birbhum_Suri,2265,108779,Illambazar,23.6284,87.57577,54.0
Birbhum_Suri,2265,108780,Joydev-Kenduli,23.64118,87.45008,58.0
Birbhum_Suri,2265,108781,Mongoldihi,23.74178,87.56204,61.0
Birbhum_Suri,2265,108782,Nanasole,23.66595,87.54019,55.0
Birbhum_Suri,2265,108783,Sirsha,23.67898,87.4426,65.0
Birbhum_Suri,2266,108765,Balijuri,23.80638,87.33339,83.0
Birbhum_Suri,2266,108766,Chinpai,23.81818,87.44147,75.0
Birbhum_Suri,2266,108767,Gohaliara,23.86821,87.37653,89.0
Birbhum_Suri,2266,108768,Hetampur,23.77305,87.38573,79.0
Birbhum_Suri,2266,108769,Jashpur,23.75634,87.4359,66.0
Birbhum_Suri,2266,108770,Laxmi-Narayanpur,23.84819,87.34734,108.0
Birbhum_Suri,2266,108771,Loba,23.72886,87.39255,74.0
Birbhum_Suri,2266,108772,Paduma,23.72931,87.47235,63.0
Birbhum_Suri,2266,108773,Parulia,23.87128,87.43911,77.0
Birbhum_Suri,2266,108774,Sahapur,23.78185,87.4901,67.0
Birbhum_Suri,2267,108784,Babuijore,23.83773,87.17902,113.0
Birbhum_Suri,2267,108785,Barrah,23.78322,87.18354,94.0
Birbhum_Suri,2267,108786,Hazratpur,23.77463,87.21662,89.0
Birbhum_Suri,2267,108787,Kendgore,23.75172,87.26643,78.0
Birbhum_Suri,2267,108788,Khoyrasole,23.78958,87.27673,93.0
Birbhum_Suri,2267,108789,Lokepur,23.87125,87.26914,104.0
Birbhum_Suri,2267,108790,Nakrakonda,23.81152,87.23412,94.0
Birbhum_Suri,2267,108791,Panchra,23.75533,87.32392,76.0
Birbhum_Suri,2267,108792,Parsundi,23.77867,87.14249,99.0
Birbhum_Suri,2267,108793,Rupuspur,23.83401,87.28798,99.0
Cooch_Behar,2179,108979,Boxiganj,26.3433,88.83375,69.0
Cooch_Behar,2179,108980,Dakshin Bara Haldibari,26.31582,88.79021,71.0
Cooch_Behar,2179,108981,Dewanganj,26.30189,88.83611,66.0
Cooch_Behar,2179,108982,Hemkumari,26.2671,88.83771,63.0
Cooch_Behar,2179,108983,Per-Mekhliganj,26.30914,88.87595,68.0
Cooch_Behar,2179,108984,Uttar Bara Haldibari,26.35615,88.7978,72.0
Cooch_Behar,2180,108940,Falmari,26.25571,88.96612,62.0
Cooch_Behar,2180,109005,Bagdogra-Fulkadabri,26.32793,88.96389,64.0
Cooch_Behar,2180,109006,Bhotbari,26.40651,88.9016,68.0
Cooch_Behar,2180,109007,Changrabandha,26.44677,88.93551,71.0
Cooch_Behar,2180,109008,Jamaldaha,26.43893,89.02274,66.0
Cooch_Behar,2180,109009,Kuchlibari,26.27778,89.00624,57.0
Cooch_Behar,2180,109010,Niztarof,26.37059,88.88181,71.0
Cooch_Behar,2180,109011,Ranirhat,26.50282,88.99218,70.0
Cooch_Behar,2180,109012,Uchalpukuri,26.489,88.99474,72.0
Cooch_Behar,2181,108995,Bairagirhat,26.37502,89.11853,55.0
Cooch_Behar,2181,108996,Gopalpur,26.43316,89.07027,63.0
Cooch_Behar,2181,108997,Hazrahat-I,26.42769,89.1809,56.0
Cooch_Behar,2181,108998,Hazrahat-Ii,26.37566,89.18635,53.0
Cooch_Behar,2181,108999,Jorpatki,26.27762,89.22958,50.0
Cooch_Behar,2181,109000,Kedarhat,26.46701,89.10491,60.0
Cooch_Behar,2181,109001,Kursamari,26.30888,89.16281,53.0
Cooch_Behar,2181,109002,Nayarhat,26.42048,89.13416,57.0
Cooch_Behar,2181,109003,Pachagarh,26.32655,89.20972,51.0
Cooch_Behar,2181,109004,Shikarpur,26.34685,89.14388,57.0
Cooch_Behar,2182,108985,Angarkata-Pardubi,26.36433,89.23618,50.0
Cooch_Behar,2182,108986,Barasoulmari,26.48952,89.17242,59.0
Cooch_Behar,2182,108987,Fulbari,26.50755,89.09755,65.0
Cooch_Behar,2182,108988,Ghoksardanga,26.42991,89.28813,55.0
Cooch_Behar,2182,108989,Latapota,26.46758,89.26378,56.0
Cooch_Behar,2182,108990,Nishiganj-I,26.3046,89.2734,47.0
Cooch_Behar,2182,108991,Nishiganj-Ii,26.32912,89.29883,49.0
Cooch_Behar,2182,108992,Premerdanga,26.35758,89.31806,49.0
Cooch_Behar,2182,108993,Ruidanga,26.44129,89.22062,57.0
Cooch_Behar,2182,108994,Unishbisha,26.3901,89.27589,53.0
Cooch_Behar,2183,108936,Chandamari,26.24282,89.31987,47.0
Cooch_Behar,2183,108937,Chilkirhat,26.26476,89.37059,44.0
Cooch_Behar,2183,108938,Dauaguri,26.30559,89.52141,45.0
Cooch_Behar,2183,108939,Deoanhat,26.24256,89.48358,41.0
Cooch_Behar,2183,108941,Ghughumari,26.28417,89.40581,43.0
Cooch_Behar,2183,108942,Guriahati-I,26.31389,89.47666,46.0
Cooch_Behar,2183,108943,Guriahati-Ii,26.29548,89.45317,43.0
Cooch_Behar,2183,108944,Haribhanga,26.2366,89.43034,38.0
Cooch_Behar,2183,108945,Jiranpur,26.23157,89.52464,40.0
Cooch_Behar,2183,108946,Moyamari,26.31575,89.37025,45.0
Cooch_Behar,2183,108947,Panisala,26.27418,89.5025,40.0
Cooch_Behar,2183,108948,Patchhara,26.21214,89.38459,44.0
Cooch_Behar,2183,108949,Putimari-Fuleswari,26.20327,89.32645,43.0
Cooch_Behar,2183,108950,Sutkabari,26.28427,89.40373,44.0
Cooch_Behar,2184,108923,Ambari,26.42311,89.52174,47.0
Cooch_Behar,2184,108924,Baneswar,26.39564,89.49528,44.0
Cooch_Behar,2184,108925,Bararangras,26.44453,89.41416,53.0
Cooch_Behar,2184,108926,Chakchaka,26.3575,89.4644,44.0
Cooch_Behar,2184,108927,Dhangdhinguri,26.38165,89.42625,49.0
Cooch_Behar,2184,108928,Gopalpur,26.41406,89.4561,48.0
Cooch_Behar,2184,108929,Khagrabari,26.35414,89.44802,46.0
Cooch_Behar,2184,108930,Khapaidanga,26.35422,89.52769,49.0
Cooch_Behar,2184,108931,Madhupur,26.3682,89.36543,48.0
Cooch_Behar,2184,108932,Marichbari-Kholta,26.461,89.49117,47.0
Cooch_Behar,2184,108933,Patlakhawa,26.4654,89.33807,58.0
Cooch_Behar,2184,108934,Pundibari,26.41421,89.34709,56.0
Cooch_Behar,2184,108935,Takagachh-Rajarhat,26.33735,89.41327,47.0
Cooch_Behar,2185,109026,Andaran-Fulbari-I,26.31551,89.63581,39.0
Cooch_Behar,2185,109027,Andaran-Fulbari-Ii,26.33571,89.6383,39.0
Cooch_Behar,2185,109028,Balabhut,26.19782,89.70127,27.0
Cooch_Behar,2185,109029,Balarampur-I,26.24739,89.53637,40.0
Cooch_Behar,2185,109031,Chilkhana-I,26.30572,89.59284,41.0
Cooch_Behar,2185,109032,Chilkhana-Ii,26.30477,89.62024,40.0
Cooch_Behar,2185,109033,Deocharai,26.25582,89.63562,37.0
Cooch_Behar,2185,109034,Dhalpal-I,26.40598,89.6565,43.0
Cooch_Behar,2185,109035,Dhalpal-Ii,26.36972,89.6367,41.0
Cooch_Behar,2185,109036,Maruganj,26.31592,89.56591,39.0
Cooch_Behar,2185,109037,Nakkatigachh,26.27083,89.66999,35.0
Cooch_Behar,2185,109038,Natabari-I,26.39878,89.57912,43.0
Cooch_Behar,2185,109039,Natabari-Ii,26.36712,89.58846,45.0
Cooch_Behar,2186,109040,Barokodali-I,26.31768,89.70561,36.0
Cooch_Behar,2186,109041,Barokodali-Ii,26.27071,89.70519,34.0
Cooch_Behar,2186,109042,Bhanukumari-I,26.3403,89.78043,39.0
Cooch_Behar,2186,109043,Bhanukumari-Ii,26.32978,89.73901,37.0
Cooch_Behar,2186,109044,Falimari,26.38847,89.81917,43.0
Cooch_Behar,2186,109045,Mahiskhuchi-Ii,26.41155,89.74227,46.0
Cooch_Behar,2186,109046,Mahiskuchi-I,26.37883,89.76706,39.0
Cooch_Behar,2186,109047,Rampur-I,26.45846,89.8445,50.0
Cooch_Behar,2186,109048,Rampur-Ii,26.43476,89.78015,46.0
Cooch_Behar,2186,109049,Salbari-I,26.38371,89.68806,46.0
Cooch_Behar,2186,109050,Salbari-Ii,26.3847,89.71346,46.0
Cooch_Behar,2187,108951,Bara Atiabari-I,26.0869,89.48061,36.0
Cooch_Behar,2187,108952,Bara Atiabari-Ii,26.12695,89.44661,38.0
Cooch_Behar,2187,108953,Bara Soulmari,26.08881,89.43192,35.0
Cooch_Behar,2187,108954,Bhetaguri-I,26.20153,89.50035,40.0
Cooch_Behar,2187,108955,Bhetaguri-Ii,26.20614,89.46663,41.0
Cooch_Behar,2187,108956,Dinhata Vill-I,26.12892,89.47423,39.0
Cooch_Behar,2187,108957,Dinhata Vill-Ii,26.12289,89.49459,36.0
Cooch_Behar,2187,108958,Gitaldaha-I,26.02271,89.49368,35.0
Cooch_Behar,2187,108959,Gitaldaha-Ii,26.02165,89.45736,35.0
Cooch_Behar,2187,108960,Gosanimari-I,26.15665,89.37227,39.0
Cooch_Behar,2187,108961,Gosanimari-Ii,26.16383,89.34344,41.0
Cooch_Behar,2187,108962,Matalhat,26.16992,89.42351,37.0
Cooch_Behar,2187,108963,Okrabari,26.06089,89.45866,36.0
Cooch_Behar,2187,108964,Petla,26.12671,89.40804,37.0
Cooch_Behar,2187,108965,Putimari-I,26.16604,89.48197,39.0
Cooch_Behar,2187,108966,Putimari-Ii,26.15201,89.45072,42.0
Cooch_Behar,2188,108967,Bamanhat-I,26.0758,89.5816,39.0
Cooch_Behar,2188,108968,Bamanhat-Ii,26.08004,89.62151,33.0
Cooch_Behar,2188,108969,Barasakdal,26.12486,89.54259,37.0
Cooch_Behar,2188,108970,Burirhat-I,26.19012,89.53528,39.0
Cooch_Behar,2188,108971,Burirhat-Ii,26.16278,89.54485,35.0
Cooch_Behar,2188,108972,Chowdhurihat,26.03469,89.57009,33.0
Cooch_Behar,2188,108973,Gobra Chhara Nayarhat,26.04711,89.52201,33.0
Cooch_Behar,2188,108974,Kishamat Dasgram,26.0887,89.53079,34.0
Cooch_Behar,2188,108975,Najirhat-I,26.18148,89.58128,36.0
Cooch_Behar,2188,108976,Nijirhat-Ii,26.19654,89.61915,36.0
Cooch_Behar,2188,108977,Sahebganj,26.12435,89.58874,36.0
Cooch_Behar,2188,108978,Sukarukuthi,25.99138,89.55907,34.0
Cooch_Behar,2188,109020,Chhotosalbari,26.19209,89.60971,36.0
Cooch_Behar,2189,109013,Adabari,26.12709,89.31104,44.0
Cooch_Behar,2189,109014,Brahmottar-Chatra,26.09448,89.36547,37.0
Cooch_Behar,2189,109015,Chamta,26.03766,89.3642,35.0
Cooch_Behar,2189,109016,Sitai-I,26.06118,89.31712,40.0
Cooch_Behar,2189,109017,Sitai-Ii,26.07593,89.28159,42.0
Cooch_Behar,2190,109018,Barokaimari,26.24059,89.19681,45.0
Cooch_Behar,2190,109019,Bhawerthana,26.23394,89.26263,47.0
Cooch_Behar,2190,109021,Golenowhati,26.14424,89.17949,46.0
Cooch_Behar,2190,109022,Gosairhat,26.21001,89.19628,49.0
Cooch_Behar,2190,109023,Khalisamari,26.27197,89.14763,54.0
Cooch_Behar,2190,109024,Lalbazar,26.1189,89.26877,43.0
Cooch_Behar,2190,109025,Sitalkuchi,26.19692,89.1512,49.0
Hooghly,2338,109420,Bali,22.80775,87.7546,13.0
Hooghly,2338,109421,Bhadur,22.91891,87.7441,16.0
Hooghly,2338,109422,Goghat,22.87426,87.69879,19.0
Hooghly,2338,109423,Kumarsa,22.86267,87.75286,23.0
Hooghly,2338,109424,Nakunda,22.81266,87.69183,11.0
Hooghly,2338,109425,Raghubati,22.93428,87.70931,29.0
Hooghly,2338,109426,Saora,22.82035,87.73078,11.0
Hooghly,2339,109427,Badanganj-Falui-I,22.88592,87.54906,47.0
Hooghly,2339,109428,Badanganj-Falui-Ii,22.89922,87.52826,39.0
Hooghly,2339,109429,Bengai,22.95794,87.67103,30.0
Hooghly,2339,109430,Hazipur,22.82319,87.65067,20.0
Hooghly,2339,109431,Kamarpukur,22.91006,87.65027,23.0
Hooghly,2339,109432,Kumarganj,22.9882,87.70893,25.0
Hooghly,2339,109433,Mandaran,22.8624,87.65447,16.0
Hooghly,2339,109434,Paschimpara,22.86006,87.59214,27.0
Hooghly,2339,109435,Shyambazar,22.88457,87.59021,21.0
Hooghly,2340,109346,Arandi-I,22.79699,87.87073,16.0
Hooghly,2340,109347,Arandi-Ii,22.79532,87.9004,17.0
Hooghly,2340,109348,Batanal,22.91765,87.86495,19.0
Hooghly,2340,109349,Gourhati-I,22.79348,87.82606,14.0
Hooghly,2340,109350,Gourhati-Ii,22.77289,87.80807,13.0
Hooghly,2340,109351,Harinkhola-I,22.86001,87.88783,15.0
Hooghly,2340,109352,Harinkhola-Ii,22.83427,87.88315,13.0
Hooghly,2340,109353,Madhabpur,22.82925,87.83667,17.0
Hooghly,2340,109354,Malaypur-I,22.92128,87.90765,15.0
Hooghly,2340,109355,Malaypur-Ii,22.88619,87.90418,13.0
Hooghly,2340,109356,Mayapur-I,22.86378,87.85548,16.0
Hooghly,2340,109357,Mayapur-Ii,22.87405,87.82661,17.0
Hooghly,2340,109358,Salepur-I,22.81939,87.78894,20.0
Hooghly,2340,109359,Salepur-Ii,22.78027,87.77113,13.0
Hooghly,2340,109360,Tirole,22.93461,87.80103,17.0
Hooghly,2341,109513,Bhangamora,22.92838,87.95717,20.0
Hooghly,2341,109514,Chiladangi,22.803,87.9451,11.0
Hooghly,2341,109515,Dihibadpur,22.87645,87.94003,15.0
Hooghly,2341,109516,Kelepara,22.89804,87.93213,16.0
Hooghly,2341,109517,Pursurah-I,22.84982,87.95603,14.0
Hooghly,2341,109518,Pursurah-Ii,22.84225,87.93158,19.0
Hooghly,2341,109519,Shyampur,22.78312,87.94877,13.0
Hooghly,2341,109520,Sreerampur,22.82372,87.93195,15.0
Hooghly,2342,109543,Ashtaradattapur,22.8374,88.01436,11.0
Hooghly,2342,109544,Baligori-I,22.88012,88.04358,18.0
Hooghly,2342,109545,Baligori-Ii,22.88762,88.06539,17.0
Hooghly,2342,109546,Bhanjipur,22.89742,88.01837,11.0
Hooghly,2342,109547,Champadanga,22.82198,87.97778,14.0
Hooghly,2342,109548,Kesabchak,22.88479,87.97266,13.0
Hooghly,2342,109549,Naitamalpaharpur,22.81008,88.00715,11.0
Hooghly,2342,109550,Purbaramnagar,22.85227,88.03152,11.0
Hooghly,2342,109551,Santoshpur,22.88841,87.99625,15.0
Hooghly,2342,109552,Talpur,22.86049,87.98045,15.0
Hooghly,2343,109402,Belmuri,22.94558,88.13734,15.0
Hooghly,2343,109403,Bhandarhati-I,22.91861,88.09616,17.0
Hooghly,2343,109404,Bhandarhati-Ii,22.92412,88.06987,17.0
Hooghly,2343,109405,Bhastara,23.04647,88.1468,20.0
Hooghly,2343,109406,Dashghara-I,22.95363,88.04853,16.0
Hooghly,2343,109407,Dashghara-Ii,22.97249,88.03162,21.0
Hooghly,2343,109408,Dhanekhali-I,22.97613,88.10425,15.0
Hooghly,2343,109409,Dhanekhali-Ii,22.97537,88.12348,15.0
Hooghly,2343,109410,Gopinathpur-I,22.93747,87.99554,14.0
Hooghly,2343,109411,Gopinathpur-Ii,22.93569,87.97988,15.0
Hooghly,2343,109412,Gudubari-I,23.02717,88.05967,20.0
Hooghly,2343,109413,Gudubari-Ii,23.00993,88.07357,17.0
Hooghly,2343,109414,Gurap,23.02434,88.11247,19.0
Hooghly,2343,109415,Khajudahamilki,22.999,88.16042,16.0
Hooghly,2343,109416,Mandra,22.91,88.13622,11.0
Hooghly,2343,109417,Perambuasahabazar,22.92884,88.0234,15.0
Hooghly,2343,109418,Somaspur-I,22.96067,88.09035,19.0
Hooghly,2343,109419,Somaspur-Ii,22.9657,88.0725,21.0
Hooghly,2344,109485,Bantikabainchi,23.11781,88.21929,22.0
Hooghly,2344,109486,Beloondhamasin,23.0378,88.26863,11.0
Hooghly,2344,109487,Berelakonchmali,23.1327,88.17754,18.0
Hooghly,2344,109488,Haraldaspur,23.0803,88.17555,16.0
Hooghly,2344,109489,Itachunakhanyan,23.03725,88.31444,13.0
Hooghly,2344,109490,Jamna,23.14469,88.2216,17.0
Hooghly,2344,109491,Jamnagarmondalaii,23.10641,88.30365,13.0
Hooghly,2344,109492,Jayerdwarbasini,23.01195,88.22742,16.0
Hooghly,2344,109493,Kshirkundi-Namajgram-Niyasa,23.06512,88.28464,14.0
Hooghly,2344,109494,Lchhobadaspur,23.10172,88.33722,9.0
Hooghly,2344,109495,Panchagara-Toregram,23.11849,88.26414,13.0
Hooghly,2344,109496,Pandua,23.07602,88.2802,18.0
Hooghly,2344,109497,Rameswarpur-Gopalnagar,23.04173,88.20456,16.0
Hooghly,2344,109498,Sarai-Tinna,23.09081,88.26944,18.0
Hooghly,2344,109499,Shikhirachanpta,23.06309,88.34836,12.0
Hooghly,2344,109500,Simlagarhvitasin,23.08145,88.22412,20.0
Hooghly,2345,109361,Bakliadhobapara,23.15811,88.38941,14.0
Hooghly,2345,109362,Charkrishnabati,23.20051,88.45113,7.0
Hooghly,2345,109363,Dumurdahanityanandapur-I,23.04496,88.42704,10.0
Hooghly,2345,109364,Dumurdahanityanandapur-Ii,23.03479,88.40398,13.0
Hooghly,2345,109365,Ektarpur,23.10548,88.39341,17.0
Hooghly,2345,109366,Guptipara-I,23.19584,88.41678,14.0
Hooghly,2345,109367,Guptipara-Ii,23.18722,88.43347,10.0
Hooghly,2345,109368,Jirat,23.09395,88.45754,15.0
Hooghly,2345,109369,Mohipalpur,23.07744,88.37714,8.0
Hooghly,2345,109370,Sijakamalpur,23.07041,88.44252,9.0
Hooghly,2345,109371,Somra-I,23.1572,88.43057,14.0
Hooghly,2345,109372,Somra-Ii,23.12851,88.42598,8.0
Hooghly,2345,109373,Sripur-Balagarh,23.11686,88.46351,17.0
Hooghly,2346,109392,Bandel,22.93428,88.39608,17.0
Hooghly,2346,109393,Chandrahati-I,23.01208,88.39893,8.0
Hooghly,2346,109394,Chandrahati-Ii,22.99613,88.3998,12.0
Hooghly,2346,109395,Debanandapur,22.93505,88.37112,14.0
Hooghly,2346,109396,Digsuihoyera,23.02726,88.36189,14.0
Hooghly,2346,109397,Kodalia-I,22.88288,88.39057,16.0
Hooghly,2346,109398,Kodalia-Ii,22.90803,88.37365,15.0
Hooghly,2346,109399,Mogra-I,22.99745,88.36674,11.0
Hooghly,2346,109400,Mogra-Ii,22.98036,88.37801,14.0
Hooghly,2346,109401,Saptagram,22.95912,88.38345,14.0
Hooghly,2347,109501,Akhna,22.98836,88.33156,11.0
Hooghly,2347,109502,Amnan,22.90422,88.2876,7.0
Hooghly,2347,109503,Babnan,22.91005,88.2034,11.0
Hooghly,2347,109504,Dadpur,22.95384,88.19231,19.0
Hooghly,2347,109505,Goswamimalipara,22.94989,88.2459,15.0
Hooghly,2347,109506,Harit,22.90151,88.24476,13.0
Hooghly,2347,109507,Mahanad,22.99462,88.27439,13.0
Hooghly,2347,109508,Makalpur,22.91718,88.17098,12.0
Hooghly,2347,109509,Polba,22.95378,88.29429,8.0
Hooghly,2347,109510,Rajhat,22.94754,88.34093,14.0
Hooghly,2347,109511,Satithan,22.98119,88.2102,17.0
Hooghly,2347,109512,Sugandha,22.9012,88.32742,12.0
Hooghly,2348,109436,Haripalashutosh,22.83235,88.11405,17.0
Hooghly,2348,109437,Alipurkashipur,22.88578,88.09896,14.0
Hooghly,2348,109438,Bandipur,22.85897,88.14405,9.0
Hooghly,2348,109439,Chandanpur,22.87707,88.19062,5.0
Hooghly,2348,109440,Dwarhatta,22.80232,88.07591,14.0
Hooghly,2348,109441,Haripur Kinkarbati,22.85352,88.1779,11.0
Hooghly,2348,109442,Haripalsahadev,22.80405,88.11138,7.0
Hooghly,2348,109443,Jejur,22.87808,88.12755,17.0
Hooghly,2348,109444,Kaikala,22.84491,88.09553,15.0
Hooghly,2348,109445,Nalikulpaschim,22.83143,88.15199,10.0
Hooghly,2348,109446,Nalikulpurba,22.82384,88.17683,17.0
Hooghly,2348,109447,Narayanpurbahirkhanda,22.84677,88.07105,11.0
Hooghly,2348,109448,Paschimgopinathpur,22.80612,88.04514,15.0
Hooghly,2348,109449,Pyantra,22.79951,88.14473,13.0
Hooghly,2348,109450,Sripatipurilipur,22.78574,88.17011,7.0
Hooghly,2349,109521,Anandanagar,22.84939,88.26337,16.0
Hooghly,2349,109522,Bagdangachinamore,22.83424,88.29272,15.0
Hooghly,2349,109523,Bainchipota,22.86604,88.29108,12.0
Hooghly,2349,109524,Balarambati,22.80802,88.20318,10.0
Hooghly,2349,109525,Baruiparapaltagarh,22.78145,88.2442,11.0
Hooghly,2349,109526,Basubati,22.78804,88.1969,9.0
Hooghly,2349,109527,Beraberi,22.85823,88.21044,9.0
Hooghly,2349,109528,Bighati,22.82519,88.31326,13.0
Hooghly,2349,109529,Bora,22.751,88.28964,4.0
Hooghly,2349,109530,Boraipahalampur,22.77714,88.2659,12.0
Hooghly,2349,109531,Gopalnagar,22.858,88.24067,11.0
Hooghly,2349,109532,Kamarkundugopalnagardaluigachha,22.83245,88.20499,13.0
Hooghly,2349,109533,Mirzapurbankipur,22.77866,88.22171,14.0
Hooghly,2349,109534,Nasibpur,22.80454,88.27163,8.0
Hooghly,2349,109536,Singur-Ii,22.82144,88.24619,10.0
Hooghly,2350,109537,Kanaipur,22.69834,88.32072,9.0
Hooghly,2350,109538,Nabagram,22.703,88.33286,7.0
Hooghly,2350,109539,Payarapur,22.77138,88.30433,5.0
Hooghly,2350,109540,Raghunathpur,22.67586,88.31555,7.0
Hooghly,2350,109541,Rajyadharpur,22.7402,88.31685,7.0
Hooghly,2350,109542,Rishra,22.72083,88.30582,6.0
Hooghly,2351,109374,Ainya,22.72483,88.16307,4.0
Hooghly,2351,109375,Bhagabatipur,22.68142,88.18917,4.0
Hooghly,2351,109376,Gangadharpur,22.75421,88.22315,12.0
Hooghly,2351,109377,Haripur,22.6995,88.16286,8.0
Hooghly,2351,109378,Krishnarampur,22.73188,88.21159,14.0
Hooghly,2351,109379,Kumirmore,22.6885,88.21905,7.0
Hooghly,2351,109380,Masat,22.75166,88.19058,8.0
Hooghly,2351,109381,Nababpur,22.71242,88.19771,8.0
Hooghly,2351,109382,Shiyakhala,22.75908,88.16674,7.0
Hooghly,2352,109383,Baksa,22.72755,88.23313,8.0
Hooghly,2352,109384,Barijhati,22.68267,88.25668,3.0
Hooghly,2352,109385,Begumpur,22.74023,88.25,11.0
Hooghly,2352,109386,Chanditala,22.69702,88.24537,5.0
Hooghly,2352,109387,Garalgachha,22.6738,88.26962,9.0
Hooghly,2352,109388,Janai,22.71364,88.23741,9.0
Hooghly,2352,109389,Kapasaria,22.75495,88.25745,15.0
Hooghly,2352,109390,Naiti,22.71493,88.2664,12.0
Hooghly,2352,109391,Panchghora,22.73536,88.27341,5.0
Hooghly,2353,109451,Antpur,22.77017,88.03671,7.0
Hooghly,2353,109452,Dilakash,22.7106,88.03935,11.0
Hooghly,2353,109453,Furfura,22.75346,88.13084,13.0
Hooghly,2353,109454,Jangipara,22.73868,88.06316,17.0
Hooghly,2353,109455,Kotalpur,22.7121,88.08974,9.0
Hooghly,2353,109456,Mundalika,22.70495,88.12708,7.0
Hooghly,2353,109457,Radhanagar,22.76414,88.08822,9.0
Hooghly,2353,109458,Rajbalhat-I,22.78724,87.99456,9.0
Hooghly,2353,109459,Rajbalhat-Ii,22.75276,88.01758,14.0
Hooghly,2353,109460,Rasidpur,22.71675,88.00894,9.0
Hooghly,2354,109461,Arunda,22.70714,87.91246,11.0
Hooghly,2354,109462,Balipur,22.7449,87.93476,12.0
Hooghly,2354,109463,Ghoshpur,22.73688,87.78644,13.0
Hooghly,2354,109464,Khanakul-I,22.70196,87.85698,8.0
Hooghly,2354,109465,Khanakul-Ii,22.71739,87.84066,10.0
Hooghly,2354,109466,Kishorepur-I,22.74774,87.75495,11.0
Hooghly,2354,109467,Kishorepur-Ii,22.76227,87.77057,15.0
Hooghly,2354,109468,Pole-I,22.73401,87.81975,8.0
Hooghly,2354,109469,Pole-Ii,22.75606,87.84965,10.0
Hooghly,2354,109470,Rammohan-I,22.72939,87.88257,11.0
Hooghly,2354,109471,Rammohan-Ii,22.75511,87.89026,13.0
Hooghly,2354,109472,Tantisal,22.75597,87.91573,11.0
Hooghly,2354,109473,Thakuranichak,22.7024,87.78739,11.0
Hooghly,2355,109474,Chingra,22.68138,87.90341,9.0
Hooghly,2355,109475,Dhanyagori,22.66559,87.79594,11.0
Hooghly,2355,109476,Jagatpur,22.63912,87.82919,9.0
Hooghly,2355,109477,Marokhana,22.61793,87.8538,8.0
Hooghly,2355,109478,Natibpur-I,22.67254,87.87152,7.0
Hooghly,2355,109479,Natibpur-Ii,22.65251,87.89048,9.0
Hooghly,2355,109480,Palashpai-I,22.64593,87.91461,8.0
Hooghly,2355,109481,Palashpai-Ii,22.62385,87.88916,9.0
Hooghly,2355,109482,Rajhati-I,22.67835,87.82109,7.0
Hooghly,2355,109483,Rajhati-Ii,22.66915,87.8484,11.0
Hooghly,2355,109484,Sabalsinghapur,22.64439,87.86753,8.0
Jalpaiguri,2166,109844,Binnaguri,26.63364,88.49891,104.0
Jalpaiguri,2166,109849,Kukurjan,26.48236,88.57864,83.0
Jalpaiguri,2166,109850,Majhiali,26.59319,88.49008,102.0
Jalpaiguri,2166,109851,Mantadari,26.68119,88.5441,119.0
Jalpaiguri,2166,109852,Panikauri,26.59756,88.5402,95.0
Jalpaiguri,2166,109854,Sikarpur,26.62683,88.568,101.0
Jalpaiguri,2167,109806,Bagrakot,26.85093,88.5547,148.0
Jalpaiguri,2167,109809,Damdim,26.84614,88.67448,151.0
Jalpaiguri,2167,109811,Kumlai,26.76649,88.73246,108.0
Jalpaiguri,2167,109814,Odlabari,26.86146,88.62218,157.0
Jalpaiguri,2167,109816,Rangamati,26.89401,88.70424,229.0
Jalpaiguri,2167,109817,Tesimala,26.8238,88.73481,120.0
Jalpaiguri,2168,109818,Bidhannagar,26.86152,88.76227,142.0
Jalpaiguri,2168,109819,Indong-Matiali,26.93126,88.80289,257.0
Jalpaiguri,2168,109820,Matiali Hat,26.96292,88.81603,372.0
Jalpaiguri,2168,109821,Matiali-Batabari-I,26.87979,88.79665,178.0
Jalpaiguri,2168,109822,Matiali-Batabari-Ii,26.77613,88.78754,135.0
Jalpaiguri,2169,109839,Angrabhasa-I,26.79655,88.93425,126.0
Jalpaiguri,2169,109840,Angrabhasa-Ii,26.74035,88.91622,106.0
Jalpaiguri,2169,109841,Champaguri,26.94361,88.91644,351.0
Jalpaiguri,2169,109842,Luksan,26.86111,88.96661,169.0
Jalpaiguri,2169,109843,Sulkapara,26.84005,88.86795,142.0
Jalpaiguri,2176,109734,Barogharia,26.54882,89.00406,73.0
Jalpaiguri,2176,109737,Gadhearkuthi,26.61928,88.92253,85.0
Jalpaiguri,2176,109738,Godong-I,26.5703,89.05922,73.0
Jalpaiguri,2176,109739,Godong-Ii,26.55195,89.09316,70.0
Jalpaiguri,2176,109740,Jharaltagram-I,26.65477,88.91892,90.0
Jalpaiguri,2176,109741,Jharaltagram-Ii,26.66553,88.97309,90.0
Jalpaiguri,2176,109742,Magurmari-I,26.61781,88.9842,81.0
Jalpaiguri,2176,109743,Magurmari-Ii,26.58098,88.94926,84.0
Jalpaiguri,2176,109745,Sakoyajhora-Ii,26.61445,89.03101,81.0
Jalpaiguri,2177,109823,Amguri,26.62278,88.84999,88.0
Jalpaiguri,2177,109824,Barnis,26.53152,88.78124,84.0
Jalpaiguri,2177,109825,Churabhandar,26.55121,88.89814,81.0
Jalpaiguri,2177,109826,Dharmapur,26.4707,88.7871,76.0
Jalpaiguri,2177,109827,Domohoni-I,26.59275,88.77453,86.0
Jalpaiguri,2177,109828,Domohoni-Ii,26.6224,88.78651,84.0
Jalpaiguri,2177,109829,Khagrabari-I,26.58829,88.83881,85.0
Jalpaiguri,2177,109830,Khagrabari-Ii,26.5614,88.86138,86.0
Jalpaiguri,2177,109831,Madhabdanga-I,26.53312,88.82929,81.0
Jalpaiguri,2177,109832,Madhabdanga-Ii,26.49638,88.83957,78.0
Jalpaiguri,2177,109833,Maynaguri,26.59026,88.80052,86.0
Jalpaiguri,2177,109834,Padamoti-I,26.45859,88.87085,70.0
Jalpaiguri,2177,109835,Padamoti-Ii,26.41761,88.86168,74.0
Jalpaiguri,2177,109836,Ramshai,26.70513,88.82898,98.0
Jalpaiguri,2177,109837,Saptibari-I,26.52684,88.9481,78.0
Jalpaiguri,2177,109838,Saptibari-Ii,26.47508,88.93109,76.0
Jalpaiguri,2178,109761,Bahadur,26.50604,88.60637,89.0
Jalpaiguri,2178,109762,Baropatia Nutanbos,26.63885,88.6367,101.0
Jalpaiguri,2178,109763,Belakoba,26.5693,88.60635,96.0
Jalpaiguri,2178,109764,Boalmari-Nandanpur,26.41393,88.78884,76.0
Jalpaiguri,2178,109765,Garalbari,26.42417,88.65287,80.0
Jalpaiguri,2178,109770,Nagar Berubari,26.40472,88.68264,75.0
Jalpaiguri,2178,109771,Paharpur,26.57806,88.72735,90.0
Jalpaiguri,2178,109773,South Berubari,26.28638,88.67998,66.0
Jhargram,2441,110234,Banspahari,22.73425,86.61812,234.0
Jhargram,2441,110235,Belpahari,22.6456,86.76114,142.0
Jhargram,2441,110236,Bhelaidiha,22.66706,86.82588,107.0
Jhargram,2441,110237,Bhulaveda,22.70965,86.70593,152.0
Jhargram,2441,110238,Ergoda,22.57429,86.83319,92.0
Jhargram,2441,110239,Harda,22.60817,86.94345,69.0
Jhargram,2441,110240,Kanko,22.60924,86.86923,104.0
Jhargram,2441,110241,Sandapara,22.59536,86.75786,123.0
Jhargram,2441,110242,Shilda,22.60883,86.82438,99.0
Jhargram,2441,110243,Shimulpal,22.63123,86.68125,213.0
Jhargram,2442,110224,Andharia,22.52721,86.97406,65.0
Jhargram,2442,110225,Baita,22.50533,87.06522,47.0
Jhargram,2442,110226,Belatikri,22.56996,87.00178,60.0
Jhargram,2442,110227,Binpur,22.55969,86.93039,79.0
Jhargram,2442,110228,Dahijuri,22.50935,87.01102,57.0
Jhargram,2442,110229,Dharampur,22.54687,87.06339,58.0
Jhargram,2442,110230,Lalgarh,22.6028,87.06112,86.0
Jhargram,2442,110231,Nepura,22.63601,86.98301,58.0
Jhargram,2442,110232,Ramgarh,22.67431,87.07158,99.0
Jhargram,2442,110233,Sijua,22.64291,87.03767,79.0
Jhargram,2454,110376,Aguiboni,22.3251,86.99709,59.0
Jhargram,2454,110377,Bandhgora,22.43883,87.07191,62.0
Jhargram,2454,110378,Chandri,22.33207,86.93602,73.0
Jhargram,2454,110379,Chubka,22.38628,87.17671,44.0
Jhargram,2454,110380,Dudhkundi,22.3518,87.07346,82.0
Jhargram,2454,110381,Lodhasuli,22.33236,87.06332,59.0
Jhargram,2454,110382,Manikpara,22.39314,87.10809,54.0
Jhargram,2454,110383,Nedabahara,22.37147,86.98172,96.0
Jhargram,2454,110384,Patashimul,22.30745,86.99191,69.0
Jhargram,2454,110385,Radhanagar,22.46829,86.99874,76.0
Jhargram,2454,110386,Sapdhara,22.40784,86.94615,97.0
Jhargram,2454,110387,Sardiha,22.38139,87.15269,52.0
Jhargram,2454,110388,Shalboni,22.36739,87.05007,88.0
Jhargram,2455,110366,Chilkigarh,22.40729,86.86004,61.0
Jhargram,2455,110367,Chinchra,22.3348,86.88486,55.0
Jhargram,2455,110368,Dharsa,22.53286,86.80032,90.0
Jhargram,2455,110369,Dubra,22.47202,86.91883,79.0
Jhargram,2455,110370,Gidhni,22.47731,86.84452,97.0
Jhargram,2455,110371,Jamboni,22.42232,86.89865,82.0
Jhargram,2455,110372,Kapgari,22.51435,86.89793,81.0
Jhargram,2455,110373,Kendadangri,22.35222,86.87376,57.0
Jhargram,2455,110374,Lalbandh,22.4464,86.79936,76.0
Jhargram,2455,110375,Parihati,22.527,86.83662,84.0
Jhargram,2456,110352,Beliabera,22.25816,86.96707,51.0
Jhargram,2456,110353,Chorchita,22.22553,86.83527,39.0
Jhargram,2456,110354,Kharbandhi,22.26283,87.02684,46.0
Jhargram,2456,110355,Kuliana,22.23023,86.93204,45.0
Jhargram,2456,110356,Nota,22.24112,86.85187,56.0
Jhargram,2456,110357,Petbindhi,22.21427,87.01347,36.0
Jhargram,2456,110358,Tapshia,22.26873,86.90254,55.0
Jhargram,2457,110359,Alampur,22.18697,86.96143,40.0
Jhargram,2457,110360,Amarda,22.18905,86.78094,49.0
Jhargram,2457,110361,Gopiballavpur,22.19634,86.90832,39.0
Jhargram,2457,110362,Kendugari,22.13485,86.91025,88.0
Jhargram,2457,110363,Saria,22.15357,86.84758,80.0
Jhargram,2457,110364,Satma,22.18329,86.74189,68.0
Jhargram,2457,110365,Shashrha,22.18098,86.8125,53.0
Jhargram,2458,110459,Ara,21.90971,87.04993,32.0
Jhargram,2458,110460,Baligeria,21.95286,87.09808,57.0
Jhargram,2458,110461,Barakhakri,22.11304,87.07343,50.0
Jhargram,2458,110462,Baranegui,22.0174,87.05881,53.0
Jhargram,2458,110463,Berajal,21.95079,87.1421,59.0
Jhargram,2458,110464,Chandabilla,22.08627,87.01413,75.0
Jhargram,2458,110465,Chandrarekha,21.95594,87.04475,49.0
Jhargram,2458,110466,Jamirapal,21.98161,87.20051,29.0
Jhargram,2458,110467,Kharikamathani,22.00822,87.12031,59.0
Jhargram,2458,110468,Malam,22.06803,87.12064,59.0
Jhargram,2458,110469,Nayagram,22.02965,87.17201,41.0
Jhargram,2458,110470,Patina,22.15014,86.99454,62.0
Jhargram,2459,110504,Andhari,22.18055,87.06958,35.0
Jhargram,2459,110505,Chhatri,22.23618,87.11151,52.0
Jhargram,2459,110506,Dhanghori,22.25237,87.07243,50.0
Jhargram,2459,110507,Khudmorai,22.26176,87.19748,49.0
Jhargram,2459,110508,Kultikri,22.16789,87.15274,35.0
Jhargram,2459,110509,Laudaha,22.13299,87.12862,34.0
Jhargram,2459,110510,Pathra,22.28696,87.15529,72.0
Jhargram,2459,110511,Ragrah,22.18843,87.04013,32.0
Jhargram,2459,110512,Rohini,22.17608,87.09643,40.0
Jhargram,2459,110513,Sankrail,22.21096,87.15033,64.0
Murshidabad,2223,110610,Arjunpur,24.71799,87.93704,30.0
Murshidabad,2223,110611,Bahadurpur,24.75644,87.85549,36.0
Murshidabad,2223,110612,Beniagram,24.78029,87.92481,30.0
Murshidabad,2223,110613,Bewa-I,24.82059,87.89541,26.0
Murshidabad,2223,110614,Bewa-Ii,24.78745,87.89262,27.0
Murshidabad,2223,110615,Imamnagar,24.73689,87.90398,30.0
Murshidabad,2223,110616,Mahadebnagar,24.69297,87.9227,24.0
Murshidabad,2223,110617,Maheshpur,24.7108,87.94523,18.0
Murshidabad,2223,110618,Nayansukh,24.73957,87.9454,22.0
Murshidabad,2224,110743,Bhasaipaikar,24.63808,87.91644,27.0
Murshidabad,2224,110744,Bogdadnagar,24.65133,87.96345,27.0
Murshidabad,2224,110745,Chachanda,24.63147,87.97751,27.0
Murshidabad,2224,110746,Dogachhi Napara,24.61679,87.93714,22.0
Murshidabad,2224,110747,Gajinagar Malancha,24.67488,87.91296,29.0
Murshidabad,2224,110748,Kanchantala,24.66526,87.95059,28.0
Murshidabad,2224,110749,Nimtita,24.64396,88.01183,18.0
Murshidabad,2224,110750,Pratapganj,24.64393,87.97037,24.0
Murshidabad,2225,110752,Ahiran,24.52219,88.03672,21.0
Murshidabad,2225,110753,Bahutali,24.5589,87.91727,25.0
Murshidabad,2225,110754,Bansabati,24.48961,88.00143,17.0
Murshidabad,2225,110755,Harua,24.53663,87.97008,21.0
Murshidabad,2225,110756,Nurpur,24.54581,88.0817,17.0
Murshidabad,2225,110757,Sadikpur,24.55079,88.04614,26.0
Murshidabad,2226,110761,Jagtai-I,24.62817,88.0239,26.0
Murshidabad,2226,110762,Jagtai-Ii,24.61411,88.0118,24.0
Murshidabad,2226,110763,Kasimnagar,24.6051,87.97895,25.0
Murshidabad,2226,110764,Laxmipur,24.5801,88.0521,26.0
Murshidabad,2226,110765,Mahesail-I,24.59513,88.00857,24.0
Murshidabad,2226,110766,Mahesail-Ii,24.5631,88.00582,25.0
Murshidabad,2226,110767,Umrapur,24.59059,87.9395,21.0
Murshidabad,2227,110701,Dafarpur,24.44361,88.07015,23.0
Murshidabad,2227,110702,Jamuar,24.41331,88.0005,33.0
Murshidabad,2227,110703,Jarur,24.43387,88.03841,37.0
Murshidabad,2227,110704,Kanupur,24.46903,88.03072,23.0
Murshidabad,2227,110705,Mirjapur,24.39623,88.07625,31.0
Murshidabad,2227,110706,Raninagar,24.4299,88.10148,22.0
Murshidabad,2228,110707,Barasimul Dayarampur,24.49023,88.13034,21.0
Murshidabad,2228,110708,Giria,24.51421,88.08348,16.0
Murshidabad,2228,110709,Jotkamal,24.46374,88.09492,26.0
Murshidabad,2228,110710,Kasiadanga,24.41685,88.12382,23.0
Murshidabad,2228,110711,Lakshmijola,24.41375,88.14711,21.0
Murshidabad,2228,110712,Mitipur,24.48535,88.08683,26.0
Murshidabad,2228,110713,Sammatinagar,24.45344,88.10973,27.0
Murshidabad,2228,110714,Sekalipur,24.45824,88.17554,20.0
Murshidabad,2228,110715,Sekendra,24.49909,88.06656,29.0
Murshidabad,2228,110716,Teghari-I,24.44662,88.13667,26.0
Murshidabad,2229,110661,Airmari Krishnapur,24.37488,88.30746,23.0
Murshidabad,2229,110662,Bahadurpur,24.41747,88.23029,27.0
Murshidabad,2229,110663,Bilborakopra,24.44454,88.23202,26.0
Murshidabad,2229,110664,Dewansarai,24.36844,88.23424,19.0
Murshidabad,2229,110665,Jasaitala,24.36082,88.26969,22.0
Murshidabad,2229,110666,Kalmegha,24.41224,88.27068,23.0
Murshidabad,2229,110667,Lalgola,24.42429,88.2633,22.0
Murshidabad,2229,110668,Maiya,24.42134,88.19228,26.0
Murshidabad,2229,110669,Manikchak,24.39348,88.30412,21.0
Murshidabad,2229,110670,Nashipur,24.39999,88.17224,24.0
Murshidabad,2229,110671,Paikapara,24.36789,88.19509,22.0
Murshidabad,2229,110672,Ramchandrapur,24.39323,88.26739,24.0
Murshidabad,2230,110732,Balia,24.33659,88.15328,22.0
Murshidabad,2230,110733,Bannyeswar,24.35969,87.99727,36.0
Murshidabad,2230,110734,Barala,24.25733,88.13494,39.0
Murshidabad,2230,110735,Bokhara-I,24.30336,88.04787,25.0
Murshidabad,2230,110736,Bokhara-Ii,24.27567,88.04689,28.0
Murshidabad,2230,110737,Gobordhandanga,24.26305,88.21202,20.0
Murshidabad,2230,110738,Kabilpur,24.33804,88.19745,21.0
Murshidabad,2230,110739,Monigram,24.36188,88.10878,38.0
Murshidabad,2230,110740,Moregram,24.33787,88.04064,32.0
Murshidabad,2230,110741,Patkeldanga,24.3006,88.18681,24.0
Murshidabad,2230,110742,Sagardighi,24.30978,88.10802,40.0
Murshidabad,2231,110561,Bhagawangola,24.3198,88.29231,21.0
Murshidabad,2231,110562,Habaspur,24.35225,88.30037,21.0
Murshidabad,2231,110563,Hanumantanagar,24.35411,88.39863,17.0
Murshidabad,2231,110565,Kuthirampur,24.29335,88.26526,20.0
Murshidabad,2231,110566,Mahammadpur,24.28953,88.33497,21.0
Murshidabad,2231,110567,Mahisasthali,24.27943,88.30501,19.0
Murshidabad,2231,110568,Sundarpur,24.32582,88.25766,23.0
Murshidabad,2232,110555,Akheriganj,24.31807,88.44082,14.0
Murshidabad,2232,110556,Amdahara,24.24534,88.33248,20.0
Murshidabad,2232,110557,Baligram,24.26802,88.37572,21.0
Murshidabad,2232,110558,Kharibona,24.29661,88.3904,21.0
Murshidabad,2232,110560,Saralpur,24.26148,88.41306,21.0
Murshidabad,2233,110723,Kalinagar-I,24.30002,88.53542,21.0
Murshidabad,2233,110724,Kalinagar-Ii,24.22271,88.53929,23.0
Murshidabad,2233,110725,Katlamari-I,24.30704,88.58239,20.0
Murshidabad,2233,110726,Katlamari-Ii,24.27546,88.61207,20.0
Murshidabad,2233,110727,Malibari-I,24.28849,88.50799,20.0
Murshidabad,2233,110728,Malibari-Ii,24.22206,88.51752,24.0
Murshidabad,2233,110729,Rajapur,24.28232,88.65917,15.0
Murshidabad,2233,110730,Raninagar-I,24.21528,88.57227,22.0
Murshidabad,2233,110731,Raninagar-Ii,24.25161,88.58633,20.0
Murshidabad,2234,110629,Choapara,24.11273,88.68688,24.0
Murshidabad,2234,110630,Debipur,24.24704,88.66513,20.0
Murshidabad,2234,110631,Faridpur,24.12547,88.60326,19.0
Murshidabad,2234,110632,Ghoshpara,24.17102,88.71411,11.0
Murshidabad,2234,110633,Jalangi,24.13569,88.67957,20.0
Murshidabad,2234,110634,Katabari,24.23668,88.63485,19.0
Murshidabad,2234,110635,Khayramari,24.18623,88.6542,18.0
Murshidabad,2234,110636,Sadikhanderah,24.12581,88.64643,21.0
Murshidabad,2234,110637,Sagarpara,24.1924,88.70965,19.0
Murshidabad,2234,110638,Sahebnagar,24.2607,88.71678,20.0
Murshidabad,2235,110598,Bhagirathpur,24.0736,88.50739,19.0
Murshidabad,2235,110599,Dhulauri,24.19425,88.59889,23.0
Murshidabad,2235,110601,Garaimari,24.06005,88.60057,19.0
Murshidabad,2235,110602,Garibpur,23.96968,88.5073,23.0
Murshidabad,2235,110603,Ghoramara,24.01615,88.60131,20.0
Murshidabad,2235,110606,Juranpur,24.01041,88.52622,21.0
Murshidabad,2235,110607,Madhurkul,24.04796,88.52933,18.0
Murshidabad,2235,110608,Raipur,24.08879,88.62537,22.0
Murshidabad,2235,110609,Sarangpur,24.11445,88.49659,17.0
Murshidabad,2236,110717,Herampur,24.21789,88.49099,21.0
Murshidabad,2236,110718,Hurshi,24.28716,88.47176,21.0
Murshidabad,2236,110719,Islampurchak,24.16041,88.49249,24.0
Murshidabad,2236,110720,Lochanpur,24.25172,88.44435,20.0
Murshidabad,2236,110721,Paharpur,24.21653,88.42526,21.0
Murshidabad,2236,110722,Tenkaraipur Balumati,24.18819,88.46273,19.0
Murshidabad,2237,110673,Bahadurpur,24.25788,88.27533,21.0
Murshidabad,2237,110674,Dahapara,24.16678,88.24898,22.0
Murshidabad,2237,110675,Dangapara,24.18456,88.39413,21.0
Murshidabad,2237,110676,Kapasdanga,24.20581,88.30782,17.0
Murshidabad,2237,110677,Mukundabagh,24.21776,88.23924,19.0
Murshidabad,2237,110678,Natungram,24.14451,88.28153,24.0
Murshidabad,2237,110679,Prasadpur,24.15496,88.31849,19.0
Murshidabad,2237,110680,Tentulia,24.2003,88.35314,18.0
Murshidabad,2238,110681,Amarkundu,24.12331,88.15242,26.0
Murshidabad,2238,110682,Gurapashla,24.22326,88.05716,27.0
Murshidabad,2238,110683,Hajbibidanga,24.18341,88.02818,19.0
Murshidabad,2238,110684,Kiriteswari,24.19616,88.20226,33.0
Murshidabad,2238,110685,Mahurul,24.14452,88.09265,16.0
Murshidabad,2238,110686,Nabagram,24.21463,88.10393,34.0
Murshidabad,2238,110687,Narayanpur,24.18605,88.15027,36.0
Murshidabad,2238,110688,Panchgram,24.21273,88.01469,26.0
Murshidabad,2238,110689,Rasulpur,24.16049,88.03015,21.0
Murshidabad,2238,110690,Shibpur,24.13749,88.18741,16.0
Murshidabad,2239,110649,Balia,24.00938,88.03862,18.0
Murshidabad,2239,110650,Eroali,24.04219,87.93924,32.0
Murshidabad,2239,110651,Indrani,24.13409,88.01522,24.0
Murshidabad,2239,110652,Jaipur,24.1227,87.96667,24.0
Murshidabad,2239,110653,Jhilli,24.15685,87.97537,22.0
Murshidabad,2239,110654,Khargram,24.03458,87.99042,26.0
Murshidabad,2239,110655,Kirtipur,24.08077,87.98076,25.0
Murshidabad,2239,110656,Mahisar,23.99794,88.00172,26.0
Murshidabad,2239,110657,Margram,24.05804,88.02597,20.0
Murshidabad,2239,110658,Padamkandi,24.14627,87.92648,22.0
Murshidabad,2239,110659,Parulia,24.09472,87.9262,30.0
Murshidabad,2239,110660,Sadal,24.10447,88.04638,19.0
Murshidabad,2240,110639,Andulia,23.97587,88.08387,18.0
Murshidabad,2240,110640,Gokarna-I,24.03331,88.11658,19.0
Murshidabad,2240,110641,Gokarna-Ii,24.03642,88.14843,16.0
Murshidabad,2240,110642,Hizole,23.96569,88.12671,17.0
Murshidabad,2240,110643,Jashahari Anukha-I,23.92932,88.00443,23.0
Murshidabad,2240,110644,Jashahari Anukha-Ii,23.95412,88.02365,23.0
Murshidabad,2240,110645,Kumarsanda,24.06957,88.08445,22.0
Murshidabad,2240,110646,Mahalandi-I,24.08477,88.12401,30.0
Murshidabad,2240,110647,Mahalandi-Ii,24.08184,88.1568,25.0
Murshidabad,2240,110648,Purandarpur,24.00178,88.07714,17.0
Murshidabad,2241,110538,Bhakuri-I,24.09041,88.25743,25.0
Murshidabad,2241,110539,Bhakuri-Ii,24.03024,88.24095,20.0
Murshidabad,2241,110540,Chhaighari,24.15186,88.4078,19.0
Murshidabad,2241,110541,Daulatabad,24.11328,88.40271,21.0
Murshidabad,2241,110542,Gurudaspur,24.12716,88.36501,22.0
Murshidabad,2241,110543,Haridasmati,24.05474,88.23534,19.0
Murshidabad,2241,110544,Hatinagar,24.11211,88.32066,17.0
Murshidabad,2241,110545,Madanpur,24.13033,88.44901,23.0
Murshidabad,2241,110546,Manindranagar,24.10994,88.27874,23.0
Murshidabad,2241,110547,Naodapanur,24.03351,88.28776,17.0
Murshidabad,2241,110548,Niyallispara Goaljan,24.1333,88.22728,20.0
Murshidabad,2241,110550,Radharghat-Ii,24.08429,88.19698,22.0
Murshidabad,2241,110551,Rajdharpara,24.07532,88.31039,19.0
Murshidabad,2241,110552,Rangamati Chandpara,24.02504,88.19508,16.0
Murshidabad,2241,110553,Sahajadpur,24.06198,88.20311,22.0
Murshidabad,2241,110554,Satui Chaurigachha,23.96165,88.18577,19.0
Murshidabad,2242,110619,Beharia,23.9625,88.38133,16.0
Murshidabad,2242,110620,Choa,24.01406,88.44201,17.0
Murshidabad,2242,110621,Dharampur,24.09269,88.46344,19.0
Murshidabad,2242,110622,Hariharpara,24.05959,88.41243,20.0
Murshidabad,2242,110623,Humaipur,24.00172,88.33553,20.0
Murshidabad,2242,110624,Khidirpur,24.03941,88.35046,19.0
Murshidabad,2242,110625,Malopara,24.02818,88.47816,17.0
Murshidabad,2242,110626,Raipur,24.07551,88.36784,19.0
Murshidabad,2242,110627,Rukunpur,23.99261,88.39889,18.0
Murshidabad,2242,110628,Swaruppur,24.06214,88.46315,18.0
Murshidabad,2243,110691,Bali-I,23.83693,88.38621,15.0
Murshidabad,2243,110693,Chandpur,23.85078,88.44848,17.0
Murshidabad,2243,110694,Kedarchandpur-I,23.94401,88.33724,16.0
Murshidabad,2243,110695,Kedarchandpur-Ii,23.9203,88.36096,17.0
Murshidabad,2243,110696,Madhupur,23.96734,88.46909,18.0
Murshidabad,2243,110697,Naoda,23.90701,88.45421,21.0
Murshidabad,2243,110698,Patikabari,23.87676,88.44564,15.0
Murshidabad,2243,110699,Raipur,23.93199,88.40664,16.0
Murshidabad,2243,110700,Sarangpur,23.8808,88.37361,15.0
Murshidabad,2244,110514,Begunbari,23.91837,88.28145,20.0
Murshidabad,2244,110515,Bhabta-I,23.97436,88.24253,19.0
Murshidabad,2244,110516,Bhabta-Ii,23.96339,88.24726,22.0
Murshidabad,2244,110517,Chaitanyapur-I,23.99028,88.29959,20.0
Murshidabad,2244,110518,Chaitanyapur-Ii,23.93541,88.3098,16.0
Murshidabad,2244,110519,Debkundu,23.93701,88.24804,21.0
Murshidabad,2244,110520,Kapasdanga,23.89845,88.27957,16.0
Murshidabad,2244,110521,Madda,23.95296,88.27791,18.0
Murshidabad,2244,110522,Mahula-I,24.00633,88.22334,19.0
Murshidabad,2244,110523,Mahula-Ii,24.00605,88.27167,20.0
Murshidabad,2244,110524,Mirjapur-I,23.90617,88.21206,19.0
Murshidabad,2244,110525,Mirjapur-Ii,23.94378,88.21505,21.0
Murshidabad,2244,110526,Sujapur-Kumarpur,23.96981,88.20669,19.0
Murshidabad,2245,110527,Andulbaria-I,23.83013,88.32346,15.0
Murshidabad,2245,110528,Andulbaria-Ii,23.82517,88.2863,19.0
Murshidabad,2245,110529,Dadpur,23.8765,88.25917,19.0
Murshidabad,2245,110530,Kamnagar,23.89917,88.19975,19.0
Murshidabad,2245,110531,Kashipur,23.86578,88.31881,16.0
Murshidabad,2245,110532,Ramnagar Bachara,23.79125,88.21561,17.0
Murshidabad,2245,110533,Rampara-I,23.83644,88.24158,19.0
Murshidabad,2245,110534,Rampara-Ii,23.85687,88.24801,16.0
Murshidabad,2245,110535,Shaktipur,23.86019,88.18508,18.0
Murshidabad,2245,110536,Somepara-I,23.82418,88.22378,17.0
Murshidabad,2245,110537,Somepara-Ii,23.82766,88.18827,16.0
Murshidabad,2246,110577,Kagram,23.75629,88.14559,25.0
Murshidabad,2246,110578,Malihati,23.81917,88.10285,18.0
Murshidabad,2246,110579,Salar,23.76893,88.09348,24.0
Murshidabad,2246,110580,Salu,23.80705,88.06022,22.0
Murshidabad,2246,110581,Simulia,23.75368,88.06479,26.0
Murshidabad,2246,110582,Talibpur,23.78421,88.15412,17.0
Murshidabad,2246,110583,Tenya-Baidyapur,23.82053,88.14884,18.0
Murshidabad,2247,110569,Alugram,23.91784,88.09653,17.0
Murshidabad,2247,110570,Amlai,23.90005,88.15566,16.0
Murshidabad,2247,110571,Bharatpur,23.87135,88.07865,24.0
Murshidabad,2247,110572,Gadda,23.86054,88.00603,23.0
Murshidabad,2247,110573,Gundiria,23.91289,88.04758,21.0
Murshidabad,2247,110574,Jajan,23.89825,88.02529,21.0
Murshidabad,2247,110575,Sijgram,23.8657,88.12701,18.0
Murshidabad,2247,110576,Talgram,23.84652,88.0412,24.0
Murshidabad,2248,110584,Biprasekhar,23.94466,87.88636,33.0
Murshidabad,2248,110585,Burwan-I,23.93074,87.93653,31.0
Murshidabad,2248,110586,Burwan-Ii,23.90129,87.9438,26.0
Murshidabad,2248,110587,Kalyanpur-I,24.01733,87.91074,31.0
Murshidabad,2248,110588,Kalyanpur-Ii,24.01413,87.88102,34.0
Murshidabad,2248,110589,Kharjuna,23.99106,87.95238,30.0
Murshidabad,2248,110590,Kuli,23.95655,87.96878,25.0
Murshidabad,2248,110591,Kurunnorun,23.86511,87.90507,31.0
Murshidabad,2248,110592,Panchthupi,23.89201,87.97931,23.0
Murshidabad,2248,110593,Sabaldaha,23.96992,87.91498,30.0
Murshidabad,2248,110594,Sabalpur,23.91476,87.97565,24.0
Murshidabad,2248,110595,Sahora,23.89836,87.88474,31.0
Murshidabad,2248,110596,Sundarpur,23.85321,87.9537,23.0
Nadia,2299,110833,Harekrishnapur,24.05316,88.66701,21.0
Nadia,2299,110834,Hogolberia,24.03068,88.71493,18.0
Nadia,2299,110835,Jamasherpur,23.99097,88.67864,21.0
Nadia,2299,110836,Karimpur-I,23.96291,88.61121,16.0
Nadia,2299,110837,Karimpur-Ii,23.97447,88.648,23.0
Nadia,2299,110838,Madhugari,24.06497,88.7108,17.0
Nadia,2299,110839,Pipulbaria,23.9341,88.70436,18.0
Nadia,2299,110840,Shikarpur,23.9768,88.73135,20.0
Nadia,2300,110841,Dhoradaha-I,23.99984,88.58951,24.0
Nadia,2300,110842,Dhoradaha-Ii,23.97694,88.57399,17.0
Nadia,2300,110843,Dighal Kandi,23.89921,88.64181,20.0
Nadia,2300,110844,Murutia,23.92753,88.66597,20.0
Nadia,2300,110845,Nandanpur,23.89067,88.57185,17.0
Nadia,2300,110846,Narayanpur-I,23.92796,88.48534,19.0
Nadia,2300,110847,Narayanpur-Ii,23.88382,88.50351,14.0
Nadia,2300,110848,Natidanga-I,23.97303,88.53466,23.0
Nadia,2300,110849,Natidanga-Ii,23.94402,88.53918,21.0
Nadia,2300,110850,Rahamatpur,23.9273,88.58482,19.0
Nadia,2301,110934,Batai-I,23.81425,88.56792,23.0
Nadia,2301,110935,Betai-Ii,23.79224,88.53561,15.0
Nadia,2301,110936,Chanderghat,23.69247,88.48683,15.0
Nadia,2301,110937,Chhitka,23.85227,88.55061,18.0
Nadia,2301,110938,Kanainagar,23.84902,88.50236,20.0
Nadia,2301,110939,Natna,23.74618,88.55526,16.0
Nadia,2301,110940,Patharghata-I,23.67084,88.55092,17.0
Nadia,2301,110941,Pathatghata-Ii,23.69418,88.5454,15.0
Nadia,2301,110942,Raghunathpur,23.76225,88.49451,16.0
Nadia,2301,110943,Shyamnagar,23.80125,88.49512,16.0
Nadia,2301,110944,Tehatta,23.71999,88.51554,16.0
Nadia,2302,110945,Barnia,23.72528,88.42621,17.0
Nadia,2302,110946,Gopinathpur,23.81875,88.44611,19.0
Nadia,2302,110947,Hanspukuria,23.73585,88.48215,15.0
Nadia,2302,110948,Palasipara,23.77382,88.44301,16.0
Nadia,2302,110949,Palsunda-I,23.76571,88.39165,18.0
Nadia,2302,110950,Palsunda-Ii,23.73102,88.36684,15.0
Nadia,2302,110951,Sahebnagar,23.80039,88.38425,15.0
Nadia,2303,110818,Barachandghar,23.78166,88.33068,18.0
Nadia,2303,110819,Debagram,23.6895,88.31404,21.0
Nadia,2303,110820,Faridpur,23.62845,88.21708,17.0
Nadia,2303,110821,Gobra,23.6639,88.1625,17.0
Nadia,2303,110822,Hatgachha,23.69411,88.25076,18.0
Nadia,2303,110823,Juranpur,23.69488,88.20192,18.0
Nadia,2303,110824,Kaliganj,23.73852,88.23589,18.0
Nadia,2303,110825,Matiari,23.65752,88.20519,16.0
Nadia,2303,110826,Mira-I,23.78906,88.28916,17.0
Nadia,2303,110827,Mira-Ii,23.75077,88.30546,18.0
Nadia,2303,110828,Palitbegia,23.66487,88.28436,21.0
Nadia,2303,110829,Panighata,23.72274,88.31299,15.0
Nadia,2303,110830,Plassey-I,23.75571,88.26915,17.0
Nadia,2303,110831,Plassey-Ii,23.792,88.24137,19.0
Nadia,2303,110832,Rajarmpur Ghoraikhetra,23.63681,88.26446,16.0
Nadia,2304,110885,Bethuadahari-I,23.60163,88.38403,21.0
Nadia,2304,110886,Bethuadahari-Ii,23.63886,88.37941,16.0
Nadia,2304,110887,Bikrampur,23.63509,88.34241,15.0
Nadia,2304,110888,Bilkumari,23.67956,88.40828,15.0
Nadia,2304,110889,Billwagram,23.57552,88.38054,16.0
Nadia,2304,110890,Birpur-I,23.60321,88.48631,12.0
Nadia,2304,110891,Birpur-Ii,23.59271,88.43824,14.0
Nadia,2304,110892,Dhananjaypur,23.66311,88.46277,16.0
Nadia,2304,110893,Dharmada,23.54609,88.38784,19.0
Nadia,2304,110894,Dogachhia,23.58089,88.48473,15.0
Nadia,2304,110895,Haranagar,23.67448,88.36469,14.0
Nadia,2304,110896,Majhergram,23.61047,88.29852,15.0
Nadia,2304,110897,Muragachha,23.54502,88.43623,16.0
Nadia,2304,110898,Nakashipara,23.57142,88.32285,15.0
Nadia,2304,110899,Patikabari,23.62928,88.41761,13.0
Nadia,2305,110785,Alfa,23.58758,88.55635,13.0
Nadia,2305,110786,Bagberia,23.48598,88.65014,10.0
Nadia,2305,110787,Brittihuda,23.55318,88.52034,14.0
Nadia,2305,110788,Chapra-Ii,23.51479,88.56382,13.0
Nadia,2305,110789,Hatisala-I,23.63789,88.50831,13.0
Nadia,2305,110790,Hatisala-Ii,23.61062,88.52012,14.0
Nadia,2305,110791,Hatkhola,23.57979,88.62166,15.0
Nadia,2305,110792,Hridaypur,23.62124,88.57158,15.0
Nadia,2305,110793,Kalinga,23.49764,88.59838,16.0
Nadia,2305,110794,Mahatpur,23.48167,88.52809,14.0
Nadia,2305,110795,Maheshpur,23.52634,88.66323,9.0
Nadia,2305,110796,Pipragachhi,23.54085,88.60312,11.0
Nadia,2305,244953,Chapra-I,23.53109,88.54508,16.0
Nadia,2306,110870,Belpukur,23.47375,88.41052,11.0
Nadia,2306,110871,Dhubulia-I,23.47455,88.45726,14.0
Nadia,2306,110872,Dhubulia-Ii,23.44135,88.4871,13.0
Nadia,2306,110873,Noapara-I,23.51028,88.4674,17.0
Nadia,2306,110874,Noapara-Ii,23.51129,88.50524,13.0
Nadia,2306,110875,Sadhanpara-I,23.51472,88.40554,14.0
Nadia,2306,110876,Sadhanpara-Ii,23.49789,88.42678,15.0
Nadia,2307,110877,Bablari,23.42075,88.34539,17.0
Nadia,2307,110878,Charmajdia Charbrahmanagar,23.39507,88.38,14.0
Nadia,2307,110880,Mahisura,23.36424,88.335,15.0
Nadia,2307,110881,Majdia Pansila,23.37729,88.39573,16.0
Nadia,2307,110882,Mayapur Bamanpukur-I,23.43848,88.41023,9.0
Nadia,2307,110883,Mayapur Bamanpukur-Ii,23.44898,88.38243,16.0
Nadia,2307,110884,Swarupganj,23.41249,88.40118,12.0
Nadia,2308,110858,Assannagar,23.4149,88.62134,15.0
Nadia,2308,110859,Bhaluka,23.34517,88.38886,12.0
Nadia,2308,110860,Bhandarkhola,23.44097,88.52727,13.0
Nadia,2308,110861,Bhatjungla,23.36365,88.49286,15.0
Nadia,2308,110862,Bhimpur,23.45226,88.61089,11.0
Nadia,2308,110863,Chakdignagar,23.34165,88.47948,11.0
Nadia,2308,110864,Deypara,23.39375,88.44617,13.0
Nadia,2308,110865,Dignagar,23.32165,88.45587,19.0
Nadia,2308,110866,Dogachi,23.36916,88.52741,16.0
Nadia,2308,110867,Joania,23.3434,88.42315,13.0
Nadia,2308,110868,Poragachha,23.42627,88.55995,16.0
Nadia,2308,110869,Ruipukur.,23.41431,88.42798,22.0
Nadia,2309,110851,Bhajanghat Tungi,23.40006,88.74278,11.0
Nadia,2309,110852,Gobindapur,23.48682,88.71628,15.0
Nadia,2309,110853,Joyghata,23.46341,88.68267,12.0
Nadia,2309,110854,Krishnaganj,23.42348,88.67754,13.0
Nadia,2309,110855,Maitiary Banpur,23.46543,88.76945,11.0
Nadia,2309,110856,Shibnibas,23.39526,88.69963,11.0
Nadia,2309,110857,Taldah Majdia,23.42912,88.7215,10.0
Nadia,2310,110797,Bagula-I,23.31395,88.65091,11.0
Nadia,2310,110798,Bagula-Ii,23.31345,88.62832,11.0
Nadia,2310,110799,Batkulla-I,23.30884,88.52207,18.0
Nadia,2310,110800,Batkulla-Ii,23.32316,88.56606,11.0
Nadia,2310,110801,Betna Gobindapur,23.37853,88.60671,14.0
Nadia,2310,110802,Dakshinpara-I,23.37264,88.57677,18.0
Nadia,2310,110803,Dakshinpara-Ii,23.35819,88.54817,14.0
Nadia,2310,110804,Gajna,23.3593,88.71265,11.0
Nadia,2310,110805,Mamjoan,23.31295,88.6014,11.0
Nadia,2310,110806,Mayurhat-I,23.35979,88.65964,14.0
Nadia,2310,110807,Mayurhat-Ii,23.3782,88.64759,11.0
Nadia,2310,110808,Ramnagar Barachupria-I,23.32173,88.71019,11.0
Nadia,2310,244954,Ramnagar Barachupria-Ii,23.30048,88.6801,12.0
Nadia,2311,110924,Arbandi-I,23.28972,88.49725,14.0
Nadia,2311,110925,Arbandi-Ii,23.29465,88.45565,13.0
Nadia,2311,110926,Babla,23.26669,88.46003,11.0
Nadia,2311,110927,Baganchra,23.27579,88.38734,9.0
Nadia,2311,110928,Belgoria-I,23.20651,88.47905,3.0
Nadia,2311,110929,Belgoria-Ii,23.23282,88.46309,18.0
Nadia,2311,110931,Gayeshpur,23.30113,88.36778,5.0
Nadia,2311,110932,Haripur,23.24289,88.39033,8.0
Nadia,2311,110933,Nabla,23.22382,88.50839,14.0
Nadia,2312,110900,Anulia,23.14919,88.52742,11.0
Nadia,2312,110901,Habibpur,23.1756,88.53186,14.0
Nadia,2312,110902,Barasat,23.28012,88.54069,15.0
Nadia,2312,110903,Kalinarayanpur Paharpur,23.21705,88.56323,11.0
Nadia,2312,110904,Khisma,23.26303,88.58025,12.0
Nadia,2312,110905,Nawpara Masunda,23.14876,88.48222,7.0
Nadia,2312,110906,Payradanga,23.12701,88.53068,12.0
Nadia,2312,110907,Ramnagar-I,23.18644,88.55678,16.0
Nadia,2312,110908,Ramnagar-Ii,23.21091,88.53943,18.0
Nadia,2312,110909,Tarapur,23.17454,88.48446,8.0
Nadia,2313,110910,Anishmali,23.18334,88.69415,11.0
Nadia,2313,110911,Aranghata,23.26777,88.61188,15.0
Nadia,2313,110912,Bahirgachi,23.27065,88.65763,8.0
Nadia,2313,110913,Baidyapur-I,23.13138,88.59393,10.0
Nadia,2313,110914,Baidyapur-Ii,23.13988,88.56482,17.0
Nadia,2313,110915,Debagram,23.15367,88.64746,14.0
Nadia,2313,110916,Duttafulia,23.24247,88.69963,16.0
Nadia,2313,110917,Jugalkishore,23.23338,88.63029,12.0
Nadia,2313,110918,Kamalpur,23.20118,88.64937,11.0
Nadia,2313,110919,Majhergram,23.12268,88.66858,10.0
Nadia,2313,110920,Nokari,23.16841,88.60812,9.0
Nadia,2313,110921,Raghunathpur Hijuli-I,23.19077,88.59415,7.0
Nadia,2313,110922,Raghunathpur Hijuli-Ii,23.21473,88.59553,10.0
Nadia,2313,110923,Shyamnagar,23.16377,88.57403,12.0
Nadia,2314,110768,Chanduria-I,23.08204,88.5129,17.0
Nadia,2314,110770,Dewli,23.02349,88.62487,11.0
Nadia,2314,110771,Dubra,23.08734,88.61855,11.0
Nadia,2314,110772,Ghetugachhi,23.04536,88.58426,14.0
Nadia,2314,110773,Hingnara,23.04623,88.65237,17.0
Nadia,2314,110779,Silinda-I,23.0835,88.66133,9.0
Nadia,2314,110780,Silinda-Ii,23.04238,88.67646,13.0
Nadia,2314,110782,Tatla-I,23.09737,88.5726,13.0
Nadia,2314,110783,Tatla-Ii,23.07509,88.55075,9.0
Nadia,2314,110784,Rautari,23.04018,88.539,8.0
Nadia,2315,110809,Birohi-I,23.00038,88.54207,10.0
Nadia,2315,110810,Birohi-Ii,22.99452,88.56564,14.0
Nadia,2315,110811,Fatepur,22.92955,88.59533,11.0
Nadia,2315,110814,Kastodanga-Ii,22.99593,88.65226,3.0
Nadia,2315,110815,Mollabelia,22.9764,88.59606,13.0
Nadia,2315,110816,Nagarukhra-I,22.93571,88.6468,13.0
Nadia,2315,110817,Nagarukhra-Ii,22.90105,88.64311,9.0
Nadia,2315,244952,Kastodanga-I,22.9658,88.63271,10.0
Purba_Bardhaman,2276,108486,Amarpur,23.56011,87.54522,63.0
Purba_Bardhaman,2276,108487,Debshala,23.50763,87.51228,64.0
Purba_Bardhaman,2276,108488,Eral,23.43671,87.64308,62.0
Purba_Bardhaman,2276,108489,Kota,23.45129,87.50153,72.0
Purba_Bardhaman,2276,108490,Ramnagar,23.57882,87.61121,48.0
Purba_Bardhaman,2276,108491,Valki,23.46278,87.58563,68.0
Purba_Bardhaman,2276,108492,Vedia,23.59498,87.68581,40.0
Purba_Bardhaman,2277,108479,Ausgram,23.51811,87.63177,52.0
Purba_Bardhaman,2277,108480,Berenda,23.53761,87.68369,42.0
Purba_Bardhaman,2277,108481,Bilwagram,23.39595,87.74243,42.0
Purba_Bardhaman,2277,108482,Dignagar-I,23.43673,87.6897,49.0
Purba_Bardhaman,2277,108483,Dignagar-Ii,23.47591,87.69161,52.0
Purba_Bardhaman,2277,108484,Guskara-Ii,23.45415,87.731,40.0
Purba_Bardhaman,2277,108485,Ukta,23.54981,87.72883,37.0
Purba_Bardhaman,2278,108645,Bhalugram,23.6073,88.01654,24.0
Purba_Bardhaman,2278,108646,Chanak,23.52109,87.77564,33.0
Purba_Bardhaman,2278,108647,Gotistha,23.51427,87.83623,33.0
Purba_Bardhaman,2278,108648,Jhilu-I,23.53973,87.93726,29.0
Purba_Bardhaman,2278,108649,Jhilu-Ii,23.50985,87.9388,28.0
Purba_Bardhaman,2278,108650,Kaichar-I,23.54183,88.01997,25.0
Purba_Bardhaman,2278,108651,Kaichar-Ii,23.57069,88.04208,21.0
Purba_Bardhaman,2278,108652,Kshirgram,23.50685,88.03408,20.0
Purba_Bardhaman,2278,108653,Lakhuria,23.54476,87.85121,31.0
Purba_Bardhaman,2278,108654,Majigram,23.60134,87.96933,23.0
Purba_Bardhaman,2278,108655,Mongalkot,23.50445,87.8887,31.0
Purba_Bardhaman,2278,108656,Nigan,23.48844,87.98793,24.0
Purba_Bardhaman,2278,108657,Paligram,23.56132,87.76815,37.0
Purba_Bardhaman,2278,108658,Shimulia-I,23.54628,87.98301,26.0
Purba_Bardhaman,2278,108659,Shimulia-Ii,23.56319,87.95627,31.0
Purba_Bardhaman,2279,108627,Agardanga,23.77798,88.01743,26.0
Purba_Bardhaman,2279,108628,Ankhona,23.82155,87.99543,24.0
Purba_Bardhaman,2279,108629,Berugram,23.7855,87.97348,28.0
Purba_Bardhaman,2279,108630,Jyandas-Kandara,23.74252,87.96932,28.0
Purba_Bardhaman,2279,108631,Murgram-Gopalpur,23.73426,88.00842,26.0
Purba_Bardhaman,2279,108632,Palita,23.66624,87.94677,21.0
Purba_Bardhaman,2279,108633,Pandugram,23.66892,87.98946,18.0
Purba_Bardhaman,2279,108634,Rajur,23.7082,87.94533,32.0
Purba_Bardhaman,2280,108620,Billeswar,23.66159,88.03844,22.0
Purba_Bardhaman,2280,108621,Gangatikuri,23.72544,88.10489,18.0
Purba_Bardhaman,2280,108622,Ketugram,23.70986,88.0448,22.0
Purba_Bardhaman,2280,108623,Maugram,23.73375,88.18881,16.0
Purba_Bardhaman,2280,108624,Nabagram,23.68639,88.0881,17.0
Purba_Bardhaman,2280,108625,Nirol,23.71528,88.02272,26.0
Purba_Bardhaman,2280,108626,Sitahati,23.70418,88.14013,17.0
Purba_Bardhaman,2281,108604,Alampur,23.56402,88.08646,20.0
Purba_Bardhaman,2281,108605,Gidhagram,23.51157,88.07673,22.0
Purba_Bardhaman,2281,108606,Goai,23.63903,88.10385,21.0
Purba_Bardhaman,2281,108607,Karajgram,23.5658,88.12944,20.0
Purba_Bardhaman,2281,108608,Khajurdihi,23.61963,88.13661,17.0
Purba_Bardhaman,2281,108609,Koshigram,23.6343,88.0666,22.0
Purba_Bardhaman,2281,108610,Sargram,23.47076,88.07511,15.0
Purba_Bardhaman,2281,108611,Sreekhanda,23.60278,88.07767,25.0
Purba_Bardhaman,2281,108612,Sudpur,23.59343,88.13348,16.0
Purba_Bardhaman,2282,108613,Agradwip,23.59661,88.2387,17.0
Purba_Bardhaman,2282,108614,Gazipur,23.56868,88.21512,14.0
Purba_Bardhaman,2282,108615,Jagadanandspur,23.57849,88.18109,16.0
Purba_Bardhaman,2282,108616,Karui,23.5256,88.1167,15.0
Purba_Bardhaman,2282,108617,Palsona,23.49519,88.12899,15.0
Purba_Bardhaman,2282,108618,Singi,23.51849,88.2022,15.0
Purba_Bardhaman,2282,108619,Sreebati,23.52913,88.1662,17.0
Purba_Bardhaman,2283,108706,Bogpur,23.39571,88.2794,12.0
Purba_Bardhaman,2283,108707,Dogachhia,23.42827,88.25452,14.0
Purba_Bardhaman,2283,108708,Jahannagar,23.42808,88.32131,21.0
Purba_Bardhaman,2283,108709,Nadanghat,23.36019,88.24708,13.0
Purba_Bardhaman,2283,108710,Nasratpur,23.33882,88.31928,17.0
Purba_Bardhaman,2283,108711,Samudragarh,23.37576,88.32018,10.0
Purba_Bardhaman,2283,108712,Sreerampur,23.40289,88.33668,8.0
Purba_Bardhaman,2284,108713,Jhaudanga,23.5816,88.29725,12.0
Purba_Bardhaman,2284,108714,Kalekhantala-I,23.47955,88.29272,21.0
Purba_Bardhaman,2284,108715,Kalekhantala-Ii,23.45395,88.30299,17.0
Purba_Bardhaman,2284,108716,Majdia,23.52325,88.32903,13.0
Purba_Bardhaman,2284,108717,Mertala,23.49759,88.35625,15.0
Purba_Bardhaman,2284,108718,Muksimpara,23.46812,88.23486,14.0
Purba_Bardhaman,2284,108719,Nimdaha,23.51154,88.25915,17.0
Purba_Bardhaman,2284,108720,Patuli,23.54908,88.28018,13.0
Purba_Bardhaman,2284,108721,Pilla,23.55319,88.24044,9.0
Purba_Bardhaman,2284,108722,Purbasthali,23.46574,88.33927,22.0
Purba_Bardhaman,2285,108660,Baghsan,23.42874,88.06348,18.0
Purba_Bardhaman,2285,108661,Bamunpara,23.46974,88.18043,11.0
Purba_Bardhaman,2285,108662,Denur,23.45541,88.13219,17.0
Purba_Bardhaman,2285,108663,Jamna,23.35313,88.17806,13.0
Purba_Bardhaman,2285,108664,Kusumgram,23.39613,88.12697,17.0
Purba_Bardhaman,2285,108665,Majhergram,23.30657,88.14134,19.0
Purba_Bardhaman,2285,108666,Mamudpur-I,23.38917,88.18993,17.0
Purba_Bardhaman,2285,108667,Mamudpur-Ii,23.41684,88.19822,14.0
Purba_Bardhaman,2285,108668,Manteswar,23.42855,88.11414,19.0
Purba_Bardhaman,2285,108669,Pipalan,23.34521,88.12999,18.0
Purba_Bardhaman,2285,108670,Putsuri,23.43943,88.17673,12.0
Purba_Bardhaman,2285,108671,Shushunia,23.38695,88.05127,22.0
Purba_Bardhaman,2285,108672,Vagramulgram,23.36859,88.10273,20.0
Purba_Bardhaman,2286,108501,Amarun-I,23.36656,87.94155,27.0
Purba_Bardhaman,2286,108502,Amarun-Ii,23.37209,87.98323,29.0
Purba_Bardhaman,2286,108503,Bamunara,23.40654,87.87694,32.0
Purba_Bardhaman,2286,108504,Banpash,23.38869,87.81143,39.0
Purba_Bardhaman,2286,108505,Barabeloon-I,23.40353,87.97073,26.0
Purba_Bardhaman,2286,108506,Barabeloon-Ii,23.41933,88.01594,26.0
Purba_Bardhaman,2286,108507,Bhatar,23.40965,87.92392,31.0
Purba_Bardhaman,2286,108508,Bolgona,23.45051,87.98932,26.0
Purba_Bardhaman,2286,108509,Eruar,23.46188,87.86904,42.0
Purba_Bardhaman,2286,108510,Mahachanda,23.36337,87.87181,31.0
Purba_Bardhaman,2286,108511,Mahata,23.48447,87.7938,32.0
Purba_Bardhaman,2286,108512,Nityanandapur,23.4749,87.9314,31.0
Purba_Bardhaman,2286,108513,Sahebganj-I,23.44089,87.81631,43.0
Purba_Bardhaman,2286,108514,Sahebganj-Ii,23.41807,87.78924,42.0
Purba_Bardhaman,2287,108539,Budbud,23.39079,87.53581,59.0
Purba_Bardhaman,2287,108540,Chaktentul,23.39725,87.48297,59.0
Purba_Bardhaman,2287,108541,Loapurkrishnarampur,23.35048,87.53092,54.0
Purba_Bardhaman,2287,108542,Loaramgopalpur,23.32138,87.5775,49.0
Purba_Bardhaman,2287,108543,Mankar,23.42671,87.54305,63.0
Purba_Bardhaman,2287,108544,Paraj,23.37385,87.59631,52.0
Purba_Bardhaman,2287,108545,Potna-Pursa,23.33668,87.63499,54.0
Purba_Bardhaman,2287,108546,Serorai,23.2913,87.60901,43.0
Purba_Bardhaman,2287,108547,Uchchagram,23.3773,87.65134,51.0
Purba_Bardhaman,2288,108548,Adra,23.29915,87.64913,44.0
Purba_Bardhaman,2288,108549,Bhunri,23.27607,87.73866,34.0
Purba_Bardhaman,2288,108550,Galsi,23.33737,87.69003,47.0
Purba_Bardhaman,2288,108551,Gohogram,23.25405,87.66473,42.0
Purba_Bardhaman,2288,108552,Khano,23.34316,87.7534,39.0
Purba_Bardhaman,2288,108553,Kurkuba,23.36704,87.71275,44.0
Purba_Bardhaman,2288,108554,Maszidpur,23.29209,87.68848,41.0
Purba_Bardhaman,2288,108555,Sanko,23.29989,87.74768,41.0
Purba_Bardhaman,2288,108556,Satinandi,23.29804,87.7825,37.0
Purba_Bardhaman,2289,108515,Baghar-I,23.34589,87.81961,30.0
Purba_Bardhaman,2289,108516,Baghar-Ii,23.3155,87.81519,36.0
Purba_Bardhaman,2289,108517,Bandul-I,23.33394,88.03494,20.0
Purba_Bardhaman,2289,108518,Belkash,23.25669,87.80754,34.0
Purba_Bardhaman,2289,108519,Kshetia,23.32209,87.91454,28.0
Purba_Bardhaman,2289,108520,Kurmun-I,23.33708,87.99055,25.0
Purba_Bardhaman,2289,108521,Rayan-I,23.25759,87.89569,35.0
Purba_Bardhaman,2289,108522,Rayan-Ii,23.28879,87.9259,31.0
Purba_Bardhaman,2289,108523,Saraitikar,23.28344,87.86151,34.0
Purba_Bardhaman,2290,108524,Baikunthapur-I,23.22882,87.92373,28.0
Purba_Bardhaman,2290,108525,Baikunthapur-Ii,23.20699,87.89734,30.0
Purba_Bardhaman,2290,108526,Bandul-Ii,23.29697,88.04671,25.0
Purba_Bardhaman,2290,108527,Barasul-I,23.21629,87.97011,26.0
Purba_Bardhaman,2290,108528,Barasul-Ii,23.18576,87.9531,26.0
Purba_Bardhaman,2290,108529,Gobindapur,23.25488,87.96271,25.0
Purba_Bardhaman,2290,108530,Kurmun-Ii,23.30419,87.97286,27.0
Purba_Bardhaman,2290,108531,Nabastha-I,23.26623,88.00877,23.0
Purba_Bardhaman,2290,108532,Nabastha-Ii,23.21626,88.01712,23.0
Purba_Bardhaman,2291,108673,Amadpur,23.20328,88.08892,25.0
Purba_Bardhaman,2291,108674,Bagila,23.1648,88.1209,22.0
Purba_Bardhaman,2291,108675,Daluibazar-I,23.18626,88.02463,27.0
Purba_Bardhaman,2291,108676,Daluibazar-Ii,23.17809,88.00095,26.0
Purba_Bardhaman,2291,108677,Debipur,23.18213,88.17372,16.0
Purba_Bardhaman,2291,108678,Durgapur,23.1248,88.13073,18.0
Purba_Bardhaman,2291,108679,Gop-Gantar-I,23.19834,88.13559,23.0
Purba_Bardhaman,2291,108680,Gop-Gantar-Ii,23.2267,88.13931,20.0
Purba_Bardhaman,2291,108681,Nimo-I,23.1809,88.0589,27.0
Purba_Bardhaman,2291,108682,Nimo-Ii,23.15496,88.06444,23.0
Purba_Bardhaman,2292,108683,Barapalasan-I,23.33679,88.0754,21.0
Purba_Bardhaman,2292,108684,Barapalasan-Ii,23.3076,88.09838,18.0
Purba_Bardhaman,2292,108685,Bijur-I,23.26966,88.0785,20.0
Purba_Bardhaman,2292,108686,Bijur-Ii,23.25856,88.12235,21.0
Purba_Bardhaman,2292,108687,Bohar-I,23.30523,88.18936,20.0
Purba_Bardhaman,2292,108688,Bohar-Ii,23.26659,88.19888,20.0
Purba_Bardhaman,2292,108689,Kuchut,23.23453,88.06611,21.0
Purba_Bardhaman,2292,108690,Satgachhia-I,23.25843,88.15764,17.0
Purba_Bardhaman,2292,108691,Satgachhia-Ii,23.23149,88.18692,15.0
Purba_Bardhaman,2293,108588,Atghoriasimlan,23.27777,88.26893,13.0
Purba_Bardhaman,2293,108589,Baghnapara,23.23976,88.28494,13.0
Purba_Bardhaman,2293,108590,Begpur,23.31427,88.22766,13.0
Purba_Bardhaman,2293,108591,Dhatrigram,23.27282,88.31933,14.0
Purba_Bardhaman,2293,108592,Hatkalna,23.22805,88.33047,8.0
Purba_Bardhaman,2293,108593,Kankuria,23.30389,88.25693,12.0
Purba_Bardhaman,2293,108594,Krishnadevpur,23.25355,88.34081,4.0
Purba_Bardhaman,2293,108595,Nandai,23.31689,88.30375,8.0
Purba_Bardhaman,2293,108596,Sultanpur,23.2545,88.24022,11.0
Purba_Bardhaman,2294,108580,Akalpaus,23.2029,88.26035,13.0
Purba_Bardhaman,2294,108581,Anukhal,23.19873,88.3126,15.0
Purba_Bardhaman,2294,108582,Badla,23.15268,88.28026,15.0
Purba_Bardhaman,2294,108583,Baidyapur,23.17546,88.24206,15.0
Purba_Bardhaman,2294,108584,Baradhamas,23.18578,88.21135,16.0
Purba_Bardhaman,2294,108585,Kalyanpur,23.18231,88.35583,10.0
Purba_Bardhaman,2294,108586,Pindira,23.14672,88.32995,12.0
Purba_Bardhaman,2294,108587,Satgachhi,23.20461,88.38754,13.0
Purba_Bardhaman,2295,108557,Abujhati-I,23.06341,88.09835,21.0
Purba_Bardhaman,2295,108558,Abujhati-Ii,23.09178,88.11794,25.0
Purba_Bardhaman,2295,108559,Ajhapur,23.12782,88.0502,21.0
Purba_Bardhaman,2295,108560,Berugram,23.13903,87.98222,25.0
Purba_Bardhaman,2295,108561,Chakdighi,23.02066,87.99635,25.0
Purba_Bardhaman,2295,108562,Jamalpur-I,23.07537,88.00545,22.0
Purba_Bardhaman,2295,108563,Jamalpur-Ii,23.0489,87.98868,22.0
Purba_Bardhaman,2295,108564,Jaragram,22.98648,88.00276,19.0
Purba_Bardhaman,2295,108565,Jaugram,23.09789,88.08138,27.0
Purba_Bardhaman,2295,108566,Jyotsreeram,23.01405,87.96324,28.0
Purba_Bardhaman,2295,108567,Panchrah,23.10689,88.02208,24.0
Purba_Bardhaman,2295,108568,Paratal-I,23.06449,88.03945,22.0
Purba_Bardhaman,2295,108569,Paratal-Ii,23.03497,88.04034,28.0
Purba_Bardhaman,2296,108723,Hijalna,23.17839,87.87109,30.0
Purba_Bardhaman,2296,108724,Mugura,23.09753,87.94374,24.0
Purba_Bardhaman,2296,108725,Narugram,23.13987,87.8496,31.0
Purba_Bardhaman,2296,108726,Natu,23.1436,87.92309,26.0
Purba_Bardhaman,2296,108727,Palsona,23.05399,87.86364,26.0
Purba_Bardhaman,2296,108728,Rayna,23.07103,87.91568,28.0
Purba_Bardhaman,2296,108729,Sehara,23.08865,87.82574,31.0
Purba_Bardhaman,2296,108730,Shyamsundar,23.09981,87.87778,30.0
Purba_Bardhaman,2297,108635,Berugram,23.15265,87.70741,35.0
Purba_Bardhaman,2297,108636,Gopalbera,23.04019,87.75192,30.0
Purba_Bardhaman,2297,108637,Kaiarh,23.1036,87.76935,35.0
Purba_Bardhaman,2297,108638,Khandaghosh,23.20681,87.71739,39.0
Purba_Bardhaman,2297,108639,Lodna,23.20021,87.67135,40.0
Purba_Bardhaman,2297,108640,Sagrhai,23.1466,87.79835,34.0
Purba_Bardhaman,2297,108641,Shankari-I,23.20087,87.81379,34.0
Purba_Bardhaman,2297,108642,Shankari-Ii,23.19363,87.77191,34.0
Purba_Bardhaman,2297,108643,Shashanga,23.23094,87.75359,36.0
Purba_Bardhaman,2297,108644,Ukhrid,23.15989,87.74913,38.0
Purba_Bardhaman,2298,108731,Arui,23.01918,87.88792,24.0
Purba_Bardhaman,2298,108732,Barabainan,23.01778,87.93475,18.0
Purba_Bardhaman,2298,108733,Gotan,22.96729,87.90941,18.0
Purba_Bardhaman,2298,108734,Kaiti,23.02591,87.81983,30.0
Purba_Bardhaman,2298,108735,Pahalanpur,22.96649,87.8529,22.0
Purba_Bardhaman,2298,108736,Painta-I,22.98285,87.82755,22.0
Purba_Bardhaman,2298,108737,Painta-Ii,22.97203,87.7954,22.0
Purba_Bardhaman,2298,108738,Uchalan,23.004,87.76829,24.0
Purulia,2378,111003,Baragram,23.44083,86.19669,262.0
Purulia,2378,111004,Ghagra,23.51516,86.13429,257.0
Purulia,2378,111005,Joypur,23.43757,86.14255,263.0
Purulia,2378,111006,Mukundapur,23.39548,86.14947,277.0
Purulia,2378,111007,Ropo,23.51535,86.07218,311.0
Purulia,2378,111008,Sidhi-Jamra,23.55737,86.07307,269.0
Purulia,2378,111009,Upankahan,23.39521,86.19887,278.0
Purulia,2379,111094,Agoya-Narra,23.40869,86.48772,239.0
Purulia,2379,111095,Belma,23.43396,86.43921,226.0
Purulia,2379,111096,Bhangra,23.35243,86.45284,256.0
Purulia,2379,111097,Chharradumdumi,23.3856,86.40398,272.0
Purulia,2379,111098,Ghonga,23.4029,86.3375,245.0
Purulia,2379,111099,Golamara,23.42468,86.37198,236.0
Purulia,2379,111100,Hutmura,23.33009,86.48158,243.0
Purulia,2379,111101,Pindra,23.29628,86.4254,213.0
Purulia,2379,111102,Raghabpur,23.3461,86.39916,244.0
Purulia,2380,111066,Anara,23.50575,86.55899,193.0
Purulia,2380,111067,Bahara,23.54635,86.40168,173.0
Purulia,2380,111068,Bowridih,23.47877,86.4731,209.0
Purulia,2380,111069,Deoli,23.57199,86.45938,165.0
Purulia,2380,111070,Dubra,23.54576,86.52497,189.0
Purulia,2380,111071,Jabarrah-Jhapra-I,23.4757,86.51076,199.0
Purulia,2380,111072,Jabarrah-Jhapra-Ii,23.4561,86.55052,227.0
Purulia,2380,111073,Nadihasurulia,23.47984,86.39359,208.0
Purulia,2380,111074,Para,23.51252,86.49582,198.0
Purulia,2380,111075,Udaypur-Joynagar,23.51325,86.44144,199.0
Purulia,2381,111110,Barrah,23.63306,86.59796,145.0
Purulia,2381,111111,Cheliama,23.62374,86.51651,151.0
Purulia,2381,111112,Joradih,23.59551,86.50731,168.0
Purulia,2381,111113,Mangalda-Mautore,23.58083,86.58988,159.0
Purulia,2381,111114,Nildih,23.59924,86.65393,157.0
Purulia,2381,111115,Nutandih,23.55346,86.59468,183.0
Purulia,2382,111103,Arrah,23.51585,86.68072,176.0
Purulia,2382,111104,Babugram,23.5202,86.61309,188.0
Purulia,2382,111105,Bero,23.54941,86.76143,170.0
Purulia,2382,111106,Chorpahari,23.50326,86.74276,188.0
Purulia,2382,111107,Khajura,23.55292,86.71656,173.0
Purulia,2382,111108,Nutandi,23.58965,86.69893,154.0
Purulia,2382,111109,Sanka,23.51501,86.63317,189.0
Purulia,2383,111059,Bhamuria,23.65633,86.83954,135.0
Purulia,2383,111060,Digha,23.63323,86.80165,150.0
Purulia,2383,111061,Guniara,23.66226,86.71211,149.0
Purulia,2383,111062,Janardandih,23.61387,86.75995,225.0
Purulia,2383,111063,Raibandh,23.65218,86.65526,150.0
Purulia,2383,111064,Saltore,23.67902,86.80561,122.0
Purulia,2383,111065,Sarbari,23.66337,86.77579,130.0
Purulia,2384,111116,Balitora,23.6118,86.8709,118.0
Purulia,2384,111117,Garsika,23.49225,86.85743,168.0
Purulia,2384,111118,Muradi,23.58833,86.82893,151.0
Purulia,2384,111119,Ramchandrapur-Kotaldi,23.578,86.79272,142.0
Purulia,2384,111120,Santuri,23.53872,86.85605,170.0
Purulia,2384,111121,Tarabari,23.53374,86.80594,164.0
Purulia,2385,111029,Agardi-Chitra,23.34976,86.69081,183.0
Purulia,2385,111030,Barrah,23.396,86.80586,144.0
Purulia,2385,111031,Beko,23.47527,86.67477,169.0
Purulia,2385,111032,Gagnabad,23.46343,86.71012,169.0
Purulia,2385,111033,Gorandih,23.43186,86.75793,152.0
Purulia,2385,111034,Hadalda-Uparrah,23.32774,86.75029,161.0
Purulia,2385,111035,Kalidaha,23.47329,86.79318,161.0
Purulia,2385,111036,Kashipur,23.44194,86.66924,176.0
Purulia,2385,111037,Manihara,23.43135,86.82779,144.0
Purulia,2385,111038,Rangamati-Ranjandih,23.40217,86.71249,162.0
Purulia,2385,111039,Simla-Dhanara,23.38411,86.64406,179.0
Purulia,2385,111040,Sonaijuri,23.44588,86.61649,198.0
Purulia,2385,111041,Sonathali,23.37336,86.76805,146.0
Purulia,2386,110993,Chatumadar,23.25092,86.59163,210.0
Purulia,2386,110994,Daldali,23.31461,86.62025,223.0
Purulia,2386,110995,Hura,23.28303,86.68948,174.0
Purulia,2386,110996,Jabarrah,23.31538,86.55748,213.0
Purulia,2386,110997,Kalabani,23.40431,86.55867,213.0
Purulia,2386,110998,Keshergarh,23.28027,86.5218,218.0
Purulia,2386,110999,Ladhurka,23.36185,86.53074,234.0
Purulia,2386,111000,Lakhanpur,23.35412,86.59366,218.0
Purulia,2386,111001,Maguria-Lalpur,23.26472,86.64763,213.0
Purulia,2386,111002,Rakhera-Bispuria,23.27833,86.74642,161.0
Purulia,2387,111086,Bhandarpuara-Chipida,23.25205,86.44148,219.0
Purulia,2387,111087,Chakaltore,23.22031,86.35397,245.0
Purulia,2387,111088,Dimdiha,23.37387,86.27799,254.0
Purulia,2387,111089,Durku,23.27193,86.35618,227.0
Purulia,2387,111090,Garafusra,23.38748,86.24001,272.0
Purulia,2387,111091,Lagda,23.37499,86.31011,249.0
Purulia,2387,111092,Manara,23.2038,86.40623,251.0
Purulia,2387,111093,Sonaijuri,23.32262,86.33257,228.0
Purulia,2388,111076,Bagda,23.21645,86.69841,195.0
Purulia,2388,111077,Chandra,23.1752,86.4762,219.0
Purulia,2388,111078,Chirudihi,23.21089,86.75023,155.0
Purulia,2388,111079,Jambad,23.19604,86.57127,202.0
Purulia,2388,111080,Kenda,23.21731,86.52207,225.0
Purulia,2388,111081,Lakhra,23.16016,86.70769,180.0
Purulia,2388,111082,Napara,23.20077,86.62709,195.0
Purulia,2388,111083,Panipathar,23.2105,86.46876,241.0
Purulia,2388,111084,Pirrah,23.16178,86.53844,218.0
Purulia,2388,111085,Puncha,23.17952,86.65355,177.0
Purulia,2389,110952,Arsha,23.31727,86.16624,284.0
Purulia,2389,110953,Beldih,23.32613,86.24823,249.0
Purulia,2389,110954,Chatuhansa,23.23991,86.25773,274.0
Purulia,2389,110955,Hensla,23.27992,86.26739,254.0
Purulia,2389,110956,Hetgugui,23.30159,86.09921,348.0
Purulia,2389,110957,Mankiary,23.35609,86.12996,278.0
Purulia,2389,110958,Puara,23.21123,86.30931,272.0
Purulia,2389,110959,Sirkabad,23.27358,86.19486,293.0
Purulia,2390,111010,Hensahatu,23.45729,85.89332,274.0
Purulia,2390,111011,Ichag,23.33491,85.94534,276.0
Purulia,2390,111012,Ilu-Jargo,23.29378,85.89643,278.0
Purulia,2390,111013,Jhalda-Darda,23.34593,85.99961,310.0
Purulia,2390,111014,Kalma,23.41752,85.92593,278.0
Purulia,2390,111015,Marumosina,23.36576,85.92863,412.0
Purulia,2390,111016,Mathari-Khamar,23.29729,85.96962,344.0
Purulia,2390,111017,Noyadih,23.31878,85.87372,244.0
Purulia,2390,111018,Pusti,23.2586,85.85847,238.0
Purulia,2390,111019,Tulin,23.37786,85.89604,276.0
Purulia,2391,111020,Bamniya-Belyadih,23.3638,86.02799,303.0
Purulia,2391,111021,Begunkodar,23.31779,86.0517,329.0
Purulia,2391,111022,Chekya,23.39924,86.01207,304.0
Purulia,2391,111023,Chitmu,23.46371,86.05157,387.0
Purulia,2391,111024,Hirapuradardih,23.3803,86.05908,282.0
Purulia,2391,111025,Majhidih,23.44194,86.00454,329.0
Purulia,2391,111026,Nowahatu,23.41022,86.07843,313.0
Purulia,2391,111027,Rigid,23.42874,85.96712,312.0
Purulia,2391,111028,Tatuara,23.45313,86.10241,289.0
Purulia,2392,110960,Ajodhya,23.22831,86.11706,564.0
Purulia,2392,110961,Baghmundi,23.17983,86.07324,259.0
Purulia,2392,110962,Beergram,23.16858,85.97627,227.0
Purulia,2392,110963,Burda-Kalimati,23.25298,85.97066,263.0
Purulia,2392,110964,Matha,23.12611,86.10469,294.0
Purulia,2392,110965,Serengdih,23.21409,85.95636,239.0
Purulia,2392,110966,Sindri,23.20598,86.01656,247.0
Purulia,2392,110967,Tunturi-Suisa,23.20088,85.89969,213.0
Purulia,2393,110968,Balarampur,23.1,86.21993,279.0
Purulia,2393,110969,Baraurma,23.13074,86.27334,256.0
Purulia,2393,110970,Bela,23.05986,86.1816,286.0
Purulia,2393,110971,Darda,23.05313,86.23338,262.0
Purulia,2393,110972,Genrua,23.12345,86.17918,264.0
Purulia,2393,110973,Ghatbera-Kerowa,23.17995,86.2264,275.0
Purulia,2393,110974,Tentlow,23.07742,86.26465,250.0
Purulia,2394,110975,Banjora,23.08787,86.4512,194.0
Purulia,2394,110976,Bansbera,23.05721,86.37243,213.0
Purulia,2394,110977,Barabazar,23.02131,86.35128,216.0
Purulia,2394,110978,Berada,23.02929,86.26708,245.0
Purulia,2394,110979,Bhagabandh,23.13621,86.32595,250.0
Purulia,2394,110980,Dhelatbamu,23.13871,86.38639,232.0
Purulia,2394,110981,Latpada,23.00954,86.42245,213.0
Purulia,2394,110982,Sindri,23.02502,86.48526,193.0
Purulia,2394,110983,Sukurhutu,23.10262,86.3872,220.0
Purulia,2394,110984,Tumrasole,23.0504,86.31148,243.0
Purulia,2395,111042,Bamnimajhihira,23.07551,86.52599,182.0
Purulia,2395,111043,Baramasya-Ramnagar,23.12143,86.6748,218.0
Purulia,2395,111044,Bhalubasa,23.07497,86.59106,191.0
Purulia,2395,111045,Bisri,23.02736,86.65079,145.0
Purulia,2395,111046,Chandra-Pairachali,23.08711,86.72044,148.0
Purulia,2395,111047,Dhanarah,23.01403,86.70276,152.0
Purulia,2395,111048,Gopalnagar,23.12633,86.55987,224.0
Purulia,2395,111049,Jitujuri,23.11244,86.62824,166.0
Purulia,2395,111050,Kamtajangidiri,23.12647,86.48522,225.0
Purulia,2395,111051,Manbazar,23.06993,86.66449,162.0
Purulia,2396,111052,Ankrobarakadam,22.89488,86.5721,185.0
Purulia,2396,111053,Bargoria-Jamtoria,22.94151,86.64914,150.0
Purulia,2396,111054,Bari-Jagda,23.01868,86.54575,192.0
Purulia,2396,111055,Borojaragara,22.94148,86.57802,169.0
Purulia,2396,111056,Buribandh,22.88687,86.66985,186.0
Purulia,2396,111057,Dighi,22.9991,86.58488,176.0
Purulia,2396,111058,Kumari,22.97652,86.63966,157.0
Purulia,2397,110985,Bandwan,22.85536,86.49828,229.0
Purulia,2397,110986,Chirudih,22.84807,86.58936,183.0
Purulia,2397,110987,Dhadka,22.79948,86.5091,185.0
Purulia,2397,110988,Gurur,22.92706,86.48144,215.0
Purulia,2397,110989,Kuchia,22.76864,86.47649,173.0
Purulia,2397,110990,Kuilapal,22.85983,86.63321,172.0
Purulia,2397,110991,Kumra,22.78367,86.5712,265.0
Purulia,2397,110992,Supudih,22.89589,86.49715,202.0
Siliguri_Foothill,2162,109131,Buraganj,26.76802,88.31388,169.0
Siliguri_Foothill,2162,109148,Atharakhai,26.72043,88.35025,136.0
Siliguri_Foothill,2162,109149,Champasari,26.77517,88.40636,144.0
Siliguri_Foothill,2162,109150,Matigara-I,26.69178,88.38431,120.0
Siliguri_Foothill,2162,109151,Matigara-Ii,26.71039,88.39439,120.0
Siliguri_Foothill,2162,109152,Patharghata,26.75434,88.35702,150.0
Siliguri_Foothill,2163,109159,Gossaipur,26.67838,88.35211,124.0
Siliguri_Foothill,2163,109160,Hatighisa,26.69251,88.2452,153.0
Siliguri_Foothill,2163,109161,Lower Bagdogra,26.72148,88.32977,140.0
Siliguri_Foothill,2163,109162,Maniram,26.72538,88.1965,188.0
Siliguri_Foothill,2163,109163,Nakshalbari,26.67549,88.21161,160.0
Siliguri_Foothill,2163,109164,Upper Bagdogra,26.72777,88.28402,171.0
Siliguri_Foothill,2163,109170,Hetmuri Singhijhora,26.73984,88.3252,153.0
Siliguri_Foothill,2164,109165,Bidhannagar-I,26.50522,88.25142,82.0
Siliguri_Foothill,2164,109166,Bidhannagar-Ii,26.52923,88.23936,91.0
Siliguri_Foothill,2164,109167,Chathat-Bansgaon,26.52288,88.31856,89.0
Siliguri_Foothill,2164,109168,Phansidewa Bansgaon Kismat,26.58419,88.34259,97.0
Siliguri_Foothill,2164,109169,Ghospukur,26.59864,88.27687,99.0
Siliguri_Foothill,2164,109171,Jalas-Nijamtara,26.64056,88.37458,107.0
Siliguri_Foothill,2165,109130,Binnabari,26.54929,88.13427,94.0
Siliguri_Foothill,2165,109132,Kharibari-Panishali,26.55674,88.18221,89.0
Siliguri_Foothill,2165,109133,Raniganj-Panishali,26.60909,88.16543,116.0
